objid,ra,dec,u,g,r,petroR50_r,petroR90_r,fracDeV_r,deVAB_r,expAB_r,redshift,u_r,u_g,g_r,C_r,morphology,morph_colorcut
1237648702986191206,228.515581208081,-1.21193186567946,19.31755,17.64284,16.75572,2.058875,5.244336,0.2992646,0.3665357,0.4064738,0.05091307,2.5618300000000005,1.674710000000001,0.8871199999999995,2.547185234654848,spiral,elliptical
1237648703516246346,212.953923758717,-0.706862075159517,19.02558,17.73924,16.95303,3.253757,6.615323,0.05397208,0.7319868,0.7466143,0.1175562,2.0725500000000032,1.2863400000000027,0.7862100000000005,2.033133697445753,spiral,spiral
1237648702981800099,218.392922952716,-1.12186662942871,18.57212,17.3628,16.76653,3.252371,6.967002,0.0,0.9341888,0.9237337,0.08091062,1.8055900000000022,1.2093200000000017,0.5962700000000005,2.142130156737961,spiral,spiral
1237648704577929251,185.379361594865,0.0869115592375293,18.13147,17.3532,16.93616,1.606097,4.082895,0.9125936,0.7884555,0.7952556,0.1072231,1.1953099999999992,0.7782699999999991,0.4170400000000001,2.542122300209763,spiral,spiral
1237648704579895311,189.753225728919,0.124837446897283,18.83398,17.60006,16.87173,2.158652,5.397892,0.4996336,0.460449,0.5015752,0.07200869,1.962250000000001,1.2339200000000012,0.7283299999999997,2.500584624108008,spiral,spiral
1237648705133543772,228.181746777919,0.507175190452318,18.68642,17.16112,16.17371,4.700137,9.767612,0.8245862,0.8768185,0.8447432,0.1373313,2.5127099999999984,1.5252999999999979,0.9874100000000006,2.078154743148976,spiral,elliptical
1237648704591692042,216.833168861762,0.0998126500356716,18.99556,16.96548,16.33251,4.492686,9.054199,0.0126844,0.5903491,0.629765,0.08441756,2.663050000000002,2.0300800000000017,0.6329700000000003,2.015319788652045,spiral,elliptical
1237648703520309546,222.235024668839,-0.727207617417141,17.68816,16.49591,16.0479,6.395751,11.97595,0.3829815,0.591932,0.6154208,0.02807129,1.6402600000000014,1.1922500000000014,0.44801,1.8724853422217342,spiral,spiral
1237648703503663148,184.125380421636,-0.820688159484072,19.22015,17.46486,16.98387,2.496545,5.168492,0.0,0.5498754,0.5771883,0.06985381,2.2362800000000007,1.7552899999999987,0.480990000000002,2.0702578964128424,spiral,elliptical
1237648704047284236,199.492683646279,-0.314175008800297,16.24702,15.40807,15.23481,7.796126,18.40304,0.5131472,0.3644259,0.3696847,0.03387971,1.0122099999999996,0.8389499999999988,0.17326000000000086,2.360536502360275,spiral,spiral
1237648675068445173,242.568982923146,0.750119581867514,19.05989,17.49459,16.59285,3.694511,9.429327,0.0197867,0.2113334,0.2279664,0.04427702,2.467040000000001,1.5653000000000006,0.9017400000000002,2.552253058659184,spiral,elliptical
1237648704598835407,233.112485826023,0.0943022173403049,18.98329,17.30168,16.38205,3.323167,7.602686,0.1634614,0.4452807,0.4583306,0.1109121,2.6012400000000007,1.6816099999999992,0.9196300000000015,2.2877833103181393,spiral,elliptical
1237648703507071035,191.924204345635,-0.750411213803693,19.38806,17.73763,16.90716,2.582095,5.903777,0.6215703,0.7167264,0.7145377,0.1082598,2.4808999999999983,1.65043,0.8304699999999983,2.286429043083233,spiral,elliptical
1237648705137541215,237.255041962662,0.51239645672858,16.98948,15.8681,15.33698,9.364803,23.99014,0.8869889,0.6682932,0.7616884,0.03063598,1.6524999999999999,1.1213800000000003,0.5311199999999996,2.561734614171809,spiral,spiral
1237648705123516585,205.188823374973,0.630578233464863,19.30292,17.42396,16.38106,3.364052,7.562167,0.5433152,0.9177516,0.926018,0.1435117,2.921859999999999,1.8789599999999993,1.0428999999999995,2.2479340390695506,spiral,elliptical
1237648704049119426,203.768950640648,-0.306395995292654,17.2373,15.65943,14.76368,7.548931,18.6997,0.709052,0.9068283,0.824976,0.08613902,2.4736200000000004,1.5778700000000008,0.8957499999999996,2.4771321926243597,spiral,elliptical
1237648703518670866,218.376002977171,-0.810341463341509,18.75021,17.39184,16.71036,2.216158,5.376792,0.1852605,0.7653523,0.8270914,0.05578163,2.0398499999999977,1.3583700000000007,0.681479999999997,2.4261771949472917,spiral,spiral
1237648702972100644,196.242958518284,-1.09058050559898,18.96537,17.16834,16.25683,3.689348,8.294011,0.9431553,0.5472772,0.5272071,0.08610736,2.7085399999999993,1.7970299999999995,0.9115099999999998,2.24809668266588,spiral,elliptical
1237648703511724158,202.505350019125,-0.832728166745,19.63442,17.80264,16.93238,2.701668,6.781082,0.1855757,0.1789134,0.201345,0.04846639,2.70204,1.8317799999999984,0.8702600000000018,2.509961253566315,spiral,elliptical
1237648704579109022,188.092680808237,0.0117779786779387,17.85853,16.4395,15.76779,4.027476,9.906283,0.04973151,0.4499546,0.4659368,0.04419503,2.0907399999999985,1.4190299999999993,0.6717099999999991,2.459675240771143,spiral,spiral
1237648702974918838,202.735786481848,-1.15253597354084,18.29824,16.59887,15.75072,5.427276,12.7885,0.5044611,0.540019,0.5388634,0.08666853,2.5475200000000005,1.6993699999999983,0.8481500000000022,2.356338612593132,spiral,elliptical
1237648675068510546,242.673525827608,0.645629408188619,18.9449,17.45382,16.71061,3.609365,7.467346,0.1739728,0.8754604,0.8637771,0.07331888,2.2342900000000014,1.4910800000000002,0.7432100000000013,2.068880814215243,spiral,elliptical
1237648703530598932,245.626585410093,-0.718512152513738,19.06009,17.3177,16.42234,3.243766,7.372365,0.4340781,0.5999913,0.6373125,0.04561796,2.6377500000000005,1.7423900000000003,0.8953600000000002,2.2727795408176794,spiral,elliptical
1237648704594641317,223.545707562291,0.169260020302524,18.71414,16.95099,16.14581,3.321713,8.400283,0.5963166,0.522254,0.5328868,0.08331238,2.5683299999999996,1.7631499999999996,0.80518,2.528900901432484,spiral,elliptical
1237648673994900087,243.076397717554,-0.051235078257416,18.63214,17.03507,16.27731,6.920745,12.34279,0.08540275,0.9000816,0.9143313,0.06366909,2.3548299999999998,1.5970699999999987,0.7577600000000011,1.7834481692361155,spiral,elliptical
1237648673459339959,246.034378113226,-0.473284059283995,19.51987,17.56103,16.443,3.631683,7.382409,0.7274563,0.8199268,0.7786379,0.1424379,3.0768699999999995,1.9588400000000021,1.1180299999999974,2.0327790173316336,spiral,elliptical
1237648703510872275,200.645365178566,-0.679718876633473,17.47912,16.09549,15.40855,3.362375,7.497252,0.2906692,0.5345124,0.514501,0.04545274,2.070570000000002,1.3836300000000001,0.6869400000000017,2.229748912598981,spiral,spiral
1237648704585990322,203.720049471971,0.0271904513458221,18.98292,17.6378,16.95176,2.844352,6.586649,0.4740979,0.8489536,0.8597166,0.08550737,2.03116,1.3451200000000014,0.6860399999999984,2.3156940491190965,spiral,spiral
1237648702993203699,244.458491014004,-1.12890242613284,19.73455,17.8956,16.91516,2.897991,7.223403,0.6375903,0.6814703,0.6584926,0.1059146,2.8193899999999985,1.838949999999997,0.9804400000000015,2.492555359902774,spiral,elliptical
1237648675603808687,239.175064212082,1.06785072355811,19.11156,17.52936,16.71915,3.119171,7.416148,0.0,0.1298235,0.1578891,0.05020094,2.3924100000000017,1.5822000000000003,0.8102100000000014,2.3776022539322144,spiral,elliptical
1237648704051478835,209.115392219446,-0.373131174135876,18.63802,17.31392,16.61053,4.66627,8.690618,0.1776141,0.9337426,0.9594408,0.06961987,2.0274900000000002,1.3241000000000014,0.7033899999999988,1.8624335925696542,spiral,spiral
1237648703516639541,213.818685960935,-0.661274277360616,19.83289,17.94807,16.8862,2.69956,6.881111,0.5471052,0.2570612,0.307512,0.1369607,2.9466900000000003,1.8848199999999977,1.0618700000000025,2.548975018151106,spiral,elliptical
1237648702983241940,221.71563488539,-1.14685036027467,18.12374,16.84423,16.28957,3.322531,5.423247,0.3424724,0.7786875,0.7348164,0.04171393,1.8341700000000003,1.279510000000002,0.5546599999999984,1.632263777222846,spiral,spiral
1237648703522537752,227.229222187348,-0.785444516208202,18.47916,17.20074,16.64365,4.612659,9.509885,0.08936876,0.5658586,0.5867406,0.06988788,1.8355099999999993,1.2784200000000006,0.5570899999999988,2.0616926159076576,spiral,spiral
1237648705128956007,217.722964722291,0.46284493650834,17.19351,16.37535,16.36297,3.12991,7.306837,0.6272883,0.3660025,0.3670011,0.01341123,0.8305399999999992,0.8181599999999989,0.01238000000000028,2.334519842423584,spiral,spiral
1237648672922468973,246.015171970656,-0.902868762939568,17.75489,16.31037,15.54011,5.203332,10.80825,0.1306299,0.5397477,0.4939718,0.04652571,2.2147799999999993,1.4445200000000007,0.7702599999999986,2.0771786232360343,spiral,elliptical
1237648704593068103,219.905733817766,0.123066983655607,18.3665,16.70558,15.89135,2.996261,7.053488,0.5012082,0.4600564,0.456623,0.05148544,2.4751499999999993,1.6609199999999973,0.814230000000002,2.354096655798677,spiral,elliptical
1237648704044597468,193.490180798344,-0.22716657222261,18.03295,17.03404,16.6658,2.728289,5.922555,0.09602903,0.5602661,0.5831234,0.04846285,1.3671499999999988,0.9989099999999986,0.3682400000000001,2.1707945895761043,spiral,spiral
1237648675067986449,241.494650008633,0.69605006365956,19.04171,17.57631,16.74022,4.262817,7.709961,0.0,0.522455,0.5872977,0.07091825,2.3014899999999976,1.465399999999999,0.8360899999999987,1.8086539957028416,spiral,elliptical
1237648705119584427,196.242451547413,0.478536432421771,18.55629,17.44659,16.88391,1.651589,4.205783,0.6867059,0.5734988,0.5657551,0.0837504,1.6723800000000004,1.1097000000000001,0.5626800000000003,2.546507030502141,spiral,spiral
1237648675068379652,242.444787727104,0.686897562643608,18.60534,17.00078,16.29432,3.82981,9.303575,0.4801311,0.9583494,0.9433426,0.04282607,2.3110200000000027,1.6045600000000029,0.7064599999999999,2.4292523649998303,spiral,elliptical
1237648704602636703,241.737495396431,0.0278255560884558,19.43477,17.37,16.39084,3.398958,7.734416,1.0,0.6999888,0.6714745,0.07414038,3.0439299999999996,2.0647699999999993,0.9791600000000003,2.2755256169684945,spiral,elliptical
1237648704602243624,240.922013812815,0.152952369836231,19.14358,17.44093,16.58222,3.883681,9.085427,0.2945857,0.3202091,0.349968,0.05311063,2.5613600000000005,1.7026499999999984,0.8587100000000021,2.3393854953586555,spiral,elliptical
1237648702974460160,201.709683918265,-1.12625924405501,19.08879,17.57993,16.86214,1.762981,4.199601,0.4077409,0.678979,0.7068014,0.07406942,2.2266499999999994,1.5088599999999985,0.7177900000000008,2.3821022461387846,spiral,elliptical
1237648704592871624,219.406909379306,0.0762228089679584,18.94596,17.39197,16.64268,2.932801,6.958594,0.2413888,0.6969014,0.715025,0.08195259,2.303280000000001,1.5539899999999989,0.749290000000002,2.3726785417762746,spiral,elliptical
1237648702993531230,245.138814048416,-1.0956254314423,17.96945,16.36567,15.38007,4.243808,10.61466,0.1994743,0.2986108,0.2708416,0.02051811,2.5893799999999985,1.6037799999999969,0.9856000000000016,2.5012111763774425,spiral,elliptical
1237648704579108978,188.021512966095,0.0115404197112853,19.19211,17.66395,16.70894,3.301848,8.514702,1.0,0.4685794,0.4784631,0.1347296,2.483170000000001,1.5281599999999997,0.9550100000000015,2.5787686168472925,spiral,elliptical
1237648705123844289,205.939407689062,0.466728649342103,17.3738,16.15411,15.53528,4.835099,9.264734,0.0,0.7680934,0.7498648,0.07203879,1.838519999999999,1.21969,0.6188299999999991,1.9161415309179815,spiral,spiral
1237648704044728453,193.670672403705,-0.392065132553114,19.23793,17.54003,16.70449,3.098494,6.86325,0.5223235,0.9654276,0.9852344,0.09636654,2.533439999999999,1.697899999999997,0.8355400000000017,2.2150276876443846,spiral,elliptical
1237648704587956366,208.172367261762,0.157190093314073,19.40221,17.88113,16.9576,2.143779,5.305305,0.5663576,0.7461284,0.725897,0.1659635,2.444610000000001,1.5210800000000013,0.9235299999999995,2.474744364974188,spiral,elliptical
1237648704068059872,247.031131759973,-0.295282255152567,18.94723,17.49584,16.68891,3.541254,8.214495,0.06439054,0.1710901,0.1975174,0.04658657,2.258320000000001,1.45139,0.8069300000000013,2.3196571045172134,spiral,elliptical
1237648704057573661,223.045971411794,-0.256103908938803,17.04711,15.18467,14.32625,7.336772,15.33312,0.7804096,0.8518474,0.8163945,0.04321273,2.72086,1.8624399999999994,0.8584200000000006,2.0899000268783055,spiral,elliptical
1237648702990975434,239.427637667954,-1.11463514175359,18.25781,17.28314,16.90371,2.312954,5.685081,0.1535101,0.6168452,0.6870674,0.05550607,1.354099999999999,0.9746699999999997,0.37942999999999927,2.457930853791299,spiral,spiral
1237648704604340677,245.614181511667,0.158452012442657,18.86265,17.23543,16.49867,2.87835,7.415072,0.5126965,0.9493203,0.9615095,0.07967084,2.363979999999998,1.6272199999999977,0.7367600000000003,2.576153699167926,spiral,elliptical
1237648703516508315,213.454648985711,-0.775199186863395,18.66351,16.70308,15.63021,4.517707,11.60148,0.6922618,0.5733699,0.5656807,0.1195413,3.0332999999999988,1.9604299999999988,1.07287,2.5680018646627594,spiral,elliptical
1237648705128104145,215.724693047304,0.621579668930717,19.17536,17.73812,16.92164,3.602265,8.900637,0.5183657,0.8091955,0.826414,0.170104,2.2537200000000013,1.4372400000000027,0.8164799999999985,2.4708445936098538,spiral,elliptical
1237648704044925105,194.159925101786,-0.224335980762184,19.2613,17.51053,16.56731,3.247693,6.837379,0.5403691,0.7606638,0.7554291,0.1348493,2.6939899999999994,1.7507699999999993,0.9432200000000002,2.105303364572945,spiral,elliptical
1237648675605774871,243.624402903415,1.16759755084609,18.02971,16.8872,16.42735,2.408454,5.351487,0.0,0.7199927,0.777139,0.0286315,1.602360000000001,1.1425100000000015,0.4598499999999994,2.221959398020473,spiral,spiral
1237648703524307076,231.348654190946,-0.709977947470593,18.11424,16.50473,15.63759,6.591848,15.75263,1.0,0.7140794,0.6123709,0.0381603,2.4766499999999994,1.6095100000000002,0.8671399999999991,2.3897137798080297,spiral,elliptical
1237648704583106724,197.20732747345,0.0471236393106375,19.53724,17.6856,16.80624,2.19803,5.454478,0.5613799,0.3798417,0.4246866,0.08134668,2.7310000000000016,1.8516399999999997,0.8793600000000019,2.4815302793865412,spiral,elliptical
1237648705121747175,201.226038973606,0.495166055365481,18.0294,17.15425,16.87729,3.303706,7.086948,0.302793,0.8498802,0.871584,0.06028418,1.1521100000000004,0.8751499999999979,0.27696000000000254,2.145150930500474,spiral,spiral
1237648704594510235,223.199818329616,0.0330921592524836,18.44598,17.28734,16.89034,3.618849,8.321477,0.1002807,0.4136562,0.4291674,0.04434668,1.5556400000000004,1.1586399999999983,0.397000000000002,2.299481686027795,spiral,spiral
1237648702972887251,198.135644934478,-1.15086985901223,18.25835,17.06818,16.49796,2.474811,6.266925,0.5478582,0.6869175,0.657283,0.08569794,1.760390000000001,1.1901699999999984,0.5702200000000026,2.5322842835271056,spiral,spiral
1237648703506808952,191.330192628836,-0.760445599685824,17.50749,15.74121,15.24121,10.18437,20.29161,0.5037368,0.6471904,0.6833075,0.02297334,2.26628,1.76628,0.5,1.9924266302186586,spiral,elliptical
1237648704604668151,246.433045451399,0.198817422040273,18.59352,17.07303,16.35998,3.598472,7.749985,0.308908,0.5429566,0.5651901,0.08537927,2.2335400000000014,1.5204900000000023,0.7130499999999991,2.1536877319039855,spiral,elliptical
1237648703505039476,187.243811668957,-0.713685709478051,18.59118,17.35808,16.80718,2.6893,6.989964,0.2054003,0.3944671,0.4235041,0.04305903,1.7840000000000025,1.2331000000000003,0.5509000000000022,2.5991759937530214,spiral,spiral
1237648704578584799,186.864198259196,0.0488906726489193,18.78979,17.4279,16.68736,2.478718,6.436124,0.6871991,0.7618307,0.7235782,0.1129216,2.1024299999999982,1.361889999999999,0.7405399999999993,2.596553540983686,spiral,spiral
1237648674529476964,237.799417858212,0.297335296361834,18.30356,16.83746,16.1022,3.923767,8.412052,0.04582351,0.4473124,0.4479964,0.03353775,2.201360000000001,1.4661000000000008,0.7352600000000002,2.143871437830024,spiral,elliptical
1237648702967251093,185.210611378579,-1.10329519405427,19.33946,17.54367,16.46906,3.807711,8.97708,0.9571604,0.898578,0.8803063,0.1326728,2.8704,1.7957900000000002,1.0746099999999998,2.357605395997753,spiral,elliptical
1237648702978326802,210.488127927605,-1.18578285926995,18.89368,17.3616,16.76858,4.946828,10.67317,0.0,0.2834005,0.2884571,0.02544127,2.1250999999999998,1.5320800000000006,0.5930199999999992,2.157578553367936,spiral,spiral
1237648704579109057,188.095730369396,0.0318733436702256,19.06051,17.42766,16.58445,2.185749,5.326794,0.664099,0.7057533,0.7240859,0.08114808,2.4760600000000004,1.6328500000000012,0.8432099999999991,2.43705658792478,spiral,elliptical
1237648705132363819,225.406433794597,0.624090790353322,19.63127,17.89151,16.98274,3.885763,9.029554,1.0,0.8436377,0.8681093,0.09704342,2.648530000000001,1.7397600000000004,0.9087700000000005,2.323753147065325,spiral,elliptical
1237648702987370765,231.085153283444,-1.0766453166906,19.49231,17.73498,16.69808,4.256545,10.54848,1.0,0.7313352,0.7252776,0.09806379,2.794229999999999,1.7573299999999996,1.0368999999999993,2.478178898613782,spiral,elliptical
1237648705137213843,236.502533438717,0.556853317106101,18.14724,16.96028,16.31061,3.632382,6.741374,0.04170574,0.6982779,0.7345579,0.1199472,1.8366299999999995,1.1869599999999991,0.6496700000000004,1.8559099786311022,spiral,spiral
1237648673460847568,249.49655124089,-0.498468271539199,18.99369,17.31122,16.48666,4.770514,9.07431,0.0,0.7476622,0.7636463,0.05894065,2.5070300000000003,1.6824700000000021,0.8245599999999982,1.902166097825098,spiral,elliptical
1237648673459667002,246.695625778243,-0.510110723913477,18.0106,16.81185,16.32209,5.088657,10.27149,0.4491696,0.5922323,0.5615323,0.044495,1.6885100000000008,1.1987500000000004,0.4897600000000004,2.0185070441965336,spiral,spiral
1237648704592740527,219.160946766386,0.117398135313972,18.30758,17.02949,16.52495,6.984428,13.41774,0.1736011,0.5039328,0.5320629,0.02986431,1.782630000000001,1.2780900000000024,0.5045399999999987,1.9210936099563198,spiral,spiral
1237648705126924499,213.024373289921,0.485351355563937,18.44178,16.90574,16.14071,3.818415,9.893021,0.2562075,0.304451,0.3273608,0.05477605,2.301070000000003,1.5360399999999998,0.765030000000003,2.5908710813256284,spiral,elliptical
1237648703520833728,223.290626378837,-0.639103516802542,18.38262,17.22134,16.75249,3.608315,7.003258,0.0,0.9551244,0.9254588,0.07764611,1.6301299999999976,1.1612799999999979,0.46884999999999977,1.9408665817701614,spiral,spiral
1237648705118273800,193.31915775778,0.435284682987802,19.35182,17.60875,16.7478,2.475606,6.232716,1.0,0.7290803,0.7167354,0.08067673,2.6040199999999984,1.7430699999999995,0.860949999999999,2.5176526474729823,spiral,elliptical
1237648702993203786,244.48373972781,-1.23444589995896,19.22253,17.6655,16.77784,2.578695,5.56873,0.6049799,0.7653136,0.7798368,0.09839476,2.444689999999998,1.5570299999999975,0.8876600000000003,2.1595147933353886,spiral,elliptical
1237648704050102589,206.068531023143,-0.244652267556107,18.30368,17.26131,16.89051,3.267678,7.389421,0.0,0.3133831,0.3499955,0.07110524,1.413170000000001,1.0423699999999982,0.3708000000000027,2.261367552127229,spiral,spiral
1237648704055541889,218.47827158868,-0.411230580146759,18.22265,16.66504,16.13432,6.15464,11.7696,0.4461706,0.8435841,0.8189374,0.03588079,2.0883300000000027,1.5576100000000004,0.5307200000000023,1.912313311582806,spiral,spiral
1237648675069953020,246.096302694018,0.791413869749349,19.13946,17.60407,16.78533,2.808888,7.271885,0.3081474,0.3938461,0.426107,0.05803312,2.3541300000000014,1.5353899999999996,0.8187400000000018,2.588883928444281,spiral,elliptical
1237648675603808635,239.15138455562,1.06863771134874,18.68742,17.38063,16.91847,3.793118,9.465225,0.4278863,0.9210854,0.9089396,0.04958897,1.7689500000000002,1.3067899999999995,0.4621600000000008,2.495367926861226,spiral,spiral
1237648705120567501,198.52812897054,0.565936978563019,19.54669,17.67115,16.73791,1.878455,4.872474,0.9492145,0.7184523,0.7353725,0.0811113,2.8087800000000023,1.8755400000000009,0.9332400000000014,2.5938731563971458,spiral,elliptical
1237648704067665972,246.042127614778,-0.367370171695212,17.20844,16.53498,16.93488,1.185698,2.816861,0.4681059,0.367984,0.3950109,0.03132734,0.2735599999999998,0.6734599999999986,-0.3998999999999988,2.375698533690704,spiral,spiral
1237648704061768134,232.688151658266,-0.36986204531429,17.34794,15.72597,14.86455,4.995069,12.90617,0.4612133,0.4004937,0.3788096,0.03795296,2.4833900000000018,1.621970000000001,0.8614200000000007,2.583782125932595,spiral,elliptical
1237648703509627162,197.765812138073,-0.788014978218091,18.81549,17.16551,16.31389,3.598539,8.047112,0.6108398,0.824641,0.7610512,0.08014426,2.5016,1.6499799999999993,0.8516200000000005,2.2362164200526937,spiral,elliptical
1237648704602767763,242.019162347849,0.119773707771357,18.72103,17.42662,16.8709,2.681004,5.659524,0.0,0.316204,0.3499222,0.05912129,1.85013,1.2944099999999992,0.5557200000000009,2.1109718597958076,spiral,spiral
1237648704040665256,184.497161439604,-0.333110691963939,18.74085,17.51748,16.92795,3.613549,7.238543,0.0,0.7329531,0.7594137,0.07144404,1.812899999999999,1.2233699999999992,0.5895299999999999,2.003167246382988,spiral,spiral
1237648703525945748,235.077077475121,-0.812512874382079,18.55691,16.96819,16.46258,4.209204,9.876458,0.08382336,0.4712974,0.5095015,0.0125234,2.0943299999999994,1.5887199999999986,0.5056100000000008,2.346395660557198,spiral,spiral
1237648703525028182,232.943326904945,-0.731077543999411,19.90145,18.04902,16.8155,3.234439,7.114447,0.9746158,0.9643531,0.9634451,0.1573775,3.0859500000000004,1.8524300000000018,1.2335199999999986,2.1995922631405325,spiral,elliptical
1237648703521227072,224.278663006876,-0.749361748349455,18.92051,17.41899,16.78222,4.40073,9.591799,0.1717732,0.7473065,0.7059588,0.08679748,2.1382900000000014,1.5015199999999993,0.6367700000000021,2.1795927039377556,spiral,spiral
1237648704597786760,230.731927811986,0.122033148123392,19.99158,17.95466,16.96299,3.08415,6.671368,1.0,0.6775157,0.660203,0.1275737,3.0285899999999977,2.0369199999999985,0.9916699999999992,2.163113986025323,spiral,elliptical
1237648704060260538,229.122171593793,-0.401294491391947,19.19332,17.63256,16.9431,2.699483,5.657979,0.1190994,0.7644387,0.7877405,0.050802,2.2502199999999988,1.5607599999999984,0.6894600000000004,2.095949113219087,spiral,elliptical
1237648704045842573,196.310971758879,-0.373294920001293,18.29792,16.63095,15.77327,9.615265,24.10302,0.0,0.1926685,0.140416,0.02268739,2.524650000000001,1.6669700000000027,0.8576799999999984,2.5067452639110828,spiral,elliptical
1237648703510413433,199.557114913468,-0.643822388833874,19.20914,17.31455,16.2501,2.81543,6.992551,0.5647012,0.4585504,0.4830998,0.1110676,2.9590400000000017,1.8945900000000009,1.0644500000000008,2.4836529411137906,spiral,elliptical
1237648704595493284,225.524896067323,0.115155488451795,17.73651,16.29878,15.62852,5.708409,14.64885,0.3465096,0.7498394,0.7353007,0.04079574,2.107989999999999,1.4377299999999984,0.6702600000000007,2.566187881772312,spiral,spiral
1237648702994514078,247.432778017442,-1.07748914997849,19.64279,17.94763,16.86351,2.610849,6.484108,0.6292337,0.6507641,0.6697688,0.1528406,2.77928,1.6951600000000013,1.0841199999999986,2.4835247078632277,spiral,elliptical
1237648704599228577,234.034936165816,0.0920580265883506,18.5339,16.95671,16.17496,5.664443,14.49172,0.7285889,0.6447384,0.618601,0.09511729,2.3589400000000005,1.577189999999998,0.7817500000000024,2.558366285970218,spiral,elliptical
1237648674530328779,239.684646822804,0.241074818506521,18.74969,17.47721,16.88932,3.292786,6.545798,0.0,0.6077869,0.6523006,0.05071344,1.8603699999999996,1.2724800000000016,0.587889999999998,1.9879208670104889,spiral,spiral
1237648705127514152,214.343212023735,0.472679147821401,19.63085,17.71961,16.88926,2.041948,5.194688,0.6732039,0.3953902,0.4526638,0.05033805,2.7415899999999986,1.9112399999999994,0.8303499999999993,2.5439864286455873,spiral,elliptical
1237648704603685439,244.157017915325,0.101294961556052,17.91908,16.46559,15.78611,4.445008,9.696459,0.2190897,0.8999217,0.8713394,0.0814922,2.1329700000000003,1.4534900000000022,0.6794799999999981,2.181426670098232,spiral,spiral
1237648704597786806,230.745251313895,0.098955165976483,17.77025,15.7556,14.82466,6.623234,13.85931,0.7085362,0.8250716,0.7747717,0.05835623,2.945590000000001,2.0146500000000014,0.9309399999999997,2.092529117950536,spiral,elliptical
1237648705121616133,200.944395083208,0.467890283859362,18.26354,17.17555,16.80144,3.428652,6.984685,0.0,0.5545337,0.6224825,0.05432961,1.4620999999999995,1.0879899999999978,0.3741100000000017,2.0371519185965794,spiral,spiral
1237648702967447657,185.6353503827,-1.20989665972918,18.18849,17.00276,16.55171,6.365371,11.88344,0.05539669,0.9002185,0.9319267,0.04931947,1.6367800000000017,1.185730000000003,0.4510499999999986,1.866888827061298,spiral,spiral
1237648704049250518,204.08488409237,-0.412822271906921,19.47871,17.62571,16.88785,3.453706,7.422338,0.0,0.2499833,0.2569132,0.04741794,2.5908599999999993,1.852999999999998,0.7378600000000013,2.1490937560985213,spiral,elliptical
1237648675603743074,238.95211339806,1.20601241788535,19.54832,17.7261,16.90218,2.939523,7.450456,0.5311876,0.2689118,0.3195679,0.1002968,2.646139999999999,1.8222200000000015,0.8239199999999975,2.5345799301451293,spiral,elliptical
1237648704063734223,237.154881439567,-0.243845414706943,18.5143,17.25373,16.74045,5.074612,9.493034,0.1290359,0.7500625,0.7308692,0.05480139,1.7738499999999995,1.2605699999999977,0.5132800000000017,1.870691591790663,spiral,spiral
1237648703521095993,224.01560553692,-0.656084793065036,18.30292,16.95268,16.30225,3.84451,7.526007,0.1263231,0.852195,0.8530967,0.09933627,2.0006699999999995,1.3502399999999994,0.6504300000000001,1.9575984975978733,spiral,spiral
1237648705129873672,219.779772733696,0.508632555826582,17.27438,16.14879,15.72019,8.098629,17.17457,0.1558364,0.6706628,0.6743053,0.03325611,1.5541900000000002,1.125589999999999,0.4286000000000012,2.1206762280381035,spiral,spiral
1237648702994973259,248.562046686873,-1.19873932620283,18.64817,17.41864,16.94412,2.227987,5.262314,0.2309618,0.4193014,0.4244205,0.05111748,1.7040499999999987,1.2295300000000005,0.4745199999999983,2.3619141404325967,spiral,spiral
1237648703530795574,246.08974269035,-0.656274585560051,18.59915,17.14246,16.43404,3.408392,7.431695,0.0,0.5954064,0.6080181,0.0541275,2.165110000000002,1.4566900000000018,0.7084200000000003,2.1804108799692057,spiral,spiral
1237648704049643618,204.956250994211,-0.33026305112496,17.12203,16.11509,15.68797,2.883983,6.80454,0.09558214,0.4969349,0.4916968,0.02243455,1.4340599999999988,1.0069400000000002,0.4271199999999986,2.359424448757153,spiral,spiral
1237648704054689846,216.471254337641,-0.228636422647745,19.98001,17.87635,16.89016,2.930555,6.379378,0.6938818,0.8642126,0.8829091,0.1278662,3.0898499999999984,2.1036600000000014,0.986189999999997,2.1768497776018534,spiral,elliptical
1237648675605250531,242.451059751996,1.08957908403602,18.46837,17.05451,16.43692,4.083939,8.918433,0.05796409,0.7429777,0.7579582,0.05591223,2.0314499999999995,1.4138599999999997,0.6175899999999999,2.183782127989669,spiral,spiral
1237646588247081807,81.0517900476276,1.13277158097924,18.12191,16.94231,16.46729,3.422946,8.700336,0.08777519,0.2548765,0.2634857,0.02760175,1.6546200000000013,1.1796000000000006,0.47502000000000066,2.541768406512986,spiral,spiral
1237648703518998743,219.197467215925,-0.759504417698888,18.50526,17.29201,16.80853,3.666415,8.196739,0.2268091,0.6415972,0.6628576,0.03776548,1.6967299999999987,1.2132499999999986,0.48348000000000013,2.2356277180842867,spiral,spiral
1237648702972100793,196.259720242647,-1.17861878502606,18.26495,16.64751,15.81328,4.643453,11.52088,0.8764087,0.6873443,0.6636238,0.08573217,2.4516699999999982,1.6174399999999984,0.8342299999999998,2.4811018868932235,spiral,elliptical
1237648704577536186,184.38091910014,0.174322769799921,17.81661,16.86976,16.53884,2.890424,5.507982,0.0,0.8544371,0.8590861,0.07277206,1.2777700000000003,0.9468500000000013,0.330919999999999,1.905596549156802,spiral,spiral
1237648704060194982,229.097232195149,-0.281061475419799,19.38717,17.08355,16.18545,4.389332,9.79617,0.7294545,0.7421034,0.731735,0.1216608,3.2017200000000017,2.303620000000002,0.8980999999999995,2.23181340577564,spiral,elliptical
1237648702995235429,249.068806465973,-1.22238842147362,19.84064,17.69953,16.66504,3.687227,8.203709,1.0,0.7665362,0.6297204,0.0592262,3.1755999999999993,2.141110000000001,1.0344899999999981,2.224899362040905,spiral,elliptical
1237648704055935375,219.370981299902,-0.266662913485007,19.2726,17.11066,15.99189,4.898361,12.47915,0.5756367,0.859903,0.8156531,0.135289,3.280710000000001,2.1619400000000013,1.1187699999999996,2.547617458166109,spiral,elliptical
1237648704040861800,184.852447834926,-0.294097392647684,18.04597,17.06197,16.722,3.285688,7.40197,0.0002411059,0.7550056,0.7683137,0.03897807,1.3239699999999992,0.9840000000000018,0.33996999999999744,2.2527915005928745,spiral,spiral
1237648705122795745,203.539362609417,0.524835094038634,18.82803,17.45682,16.67091,4.112618,9.904264,0.2366548,0.469722,0.4907246,0.1043048,2.157119999999999,1.3712099999999978,0.7859100000000012,2.4082625714326005,spiral,spiral
1237648702972887110,197.992240872415,-1.1776032250347,18.39317,17.28114,16.81574,2.411056,5.620831,0.02381724,0.4609685,0.4566992,0.08500416,1.5774299999999997,1.1120300000000007,0.4653999999999989,2.331273516666556,spiral,spiral
1237648704603160953,242.921960256601,0.0612970557457554,18.20291,17.11427,16.58462,5.629897,13.91885,0.0,0.2217697,0.233624,0.02408831,1.6182899999999982,1.088639999999998,0.5296500000000002,2.4723098841772773,spiral,spiral
1237648704585007325,201.549719963172,0.143130538543614,19.25172,17.60332,16.70472,2.547122,6.435448,0.6147828,0.4958399,0.5250967,0.07911666,2.5470000000000006,1.6483999999999988,0.8986000000000018,2.5265566392186947,spiral,elliptical
1237648673459274344,245.875482237571,-0.438383880932621,19.653,17.64117,16.6019,3.49227,8.450677,1.0,0.8806114,0.8916677,0.09384138,3.051099999999998,2.01183,1.0392699999999984,2.4198234958923566,spiral,elliptical
1237648703522603269,227.375806246505,-0.771167685301337,16.99624,15.53884,14.83586,6.684891,15.4626,0.6158071,0.5437533,0.516986,0.03777028,2.16038,1.4573999999999998,0.7029800000000002,2.3130668847106106,spiral,spiral
1237648703523520869,229.443688258689,-0.776115752433779,17.2999,15.97476,15.32991,7.853765,18.72819,0.0195569,0.8975602,0.7719612,0.03683984,1.969990000000001,1.325140000000001,0.6448499999999999,2.384612984982362,spiral,spiral
1237648705121878199,201.489031487906,0.458528881193434,18.38883,17.30291,16.84481,2.959873,5.754157,0.0,0.7879316,0.7937782,0.08089826,1.5440199999999997,1.085919999999998,0.45810000000000173,1.9440553699432375,spiral,spiral
1237648704588677420,209.842158164029,0.206616965520084,17.81442,16.44712,15.80592,2.492622,6.052444,0.5501024,0.4554666,0.4561546,0.03284724,2.008499999999998,1.3672999999999966,0.6412000000000013,2.4281435372070055,spiral,spiral
1237648675605053874,242.001596221703,1.07627361434789,19.96998,17.97528,16.9376,2.122593,4.942287,0.6796146,0.774047,0.7663143,0.1052944,3.03238,1.9946999999999981,1.0376800000000017,2.328419532147708,spiral,elliptical
1237648704055214391,217.743674118824,-0.303060165482926,18.32407,16.47625,15.53992,4.455112,11.06426,0.9641821,0.7941625,0.7631343,0.09333277,2.7841499999999986,1.8478199999999987,0.9363299999999999,2.4834976090387855,spiral,elliptical
1237648705128366394,216.394907000947,0.623853859502401,19.49133,17.7549,16.74575,2.507652,5.654804,0.8383908,0.6884645,0.7099442,0.1261699,2.7455800000000004,1.7364300000000021,1.0091499999999982,2.255019436508734,spiral,elliptical
1237648704066879877,244.252721921967,-0.372892637085236,18.74944,17.41249,16.66237,2.389813,5.509545,0.05548483,0.5261875,0.5315933,0.07053563,2.0870700000000006,1.3369500000000016,0.750119999999999,2.3054293369397523,spiral,spiral
1237648705118076990,192.821381846857,0.520503999433379,17.37888,16.12657,15.70409,3.437452,6.750081,0.0,0.8597003,0.8522307,0.01354416,1.674789999999998,1.2523099999999978,0.4224800000000002,1.9636873474887795,spiral,spiral
1237648704053903529,214.714140902395,-0.280190956271053,18.78383,17.5215,16.98007,3.076201,7.297335,0.155158,0.3748094,0.3871889,0.05139021,1.803759999999997,1.2623299999999986,0.5414299999999983,2.3721905688217384,spiral,spiral
1237648705122271402,202.400801422778,0.629382268133582,18.96502,17.46085,16.68538,2.299038,5.23566,0.5434685,0.558661,0.5821421,0.0758402,2.2796400000000006,1.5041699999999985,0.7754700000000021,2.277326429576197,spiral,elliptical
1237648704597852305,230.882320228259,0.0167509833597009,17.86899,16.77618,16.30567,1.644092,4.084123,0.4152192,0.9159153,0.929116,0.0285162,1.563320000000001,1.09281,0.47051000000000087,2.4841207183053013,spiral,spiral
1237648702995235702,249.1689019454,-1.23524090909868,19.46301,17.80549,16.63376,5.008526,12.30911,0.160886,0.166872,0.1824845,0.05198183,2.829250000000002,1.6575200000000017,1.1717300000000002,2.457631247197279,spiral,elliptical
1237648702990975286,239.348224757693,-1.04799106129856,19.50266,17.74771,16.8613,2.104672,5.368456,0.7252495,0.5508965,0.6016257,0.05595941,2.641359999999999,1.7549499999999973,0.8864100000000015,2.550732845783096,spiral,elliptical
1237648703515853025,212.026717545244,-0.82121892079317,19.56969,17.68342,16.78645,2.563366,5.85317,0.1111501,0.3620196,0.3762043,0.05197871,2.783240000000003,1.8862699999999997,0.8969700000000032,2.2833922272512006,spiral,elliptical
1237648704581075062,192.464969643179,0.198233279287912,18.96585,17.54525,16.76086,2.519503,6.278306,0.08451548,0.4284754,0.4305523,0.04678359,2.2049899999999987,1.4206000000000003,0.7843899999999984,2.491882724489711,spiral,elliptical
1237645943979704546,58.2487545391735,0.911074100469247,18.86279,17.52286,16.76597,1.829643,4.404021,0.465453,0.6815017,0.6929824,0.03801756,2.096820000000001,1.339929999999999,0.7568900000000021,2.4070384222495864,spiral,spiral
1237648705120370849,198.063873398927,0.598616290518327,17.07367,16.03464,15.53636,5.952162,14.43194,0.6503172,0.7317305,0.6710359,0.04779998,1.5373099999999997,1.0390300000000003,0.4982799999999994,2.4246551085135115,spiral,spiral
1237648702968103043,187.086350454125,-1.06759253445683,18.7363,17.24314,16.53551,3.545146,8.946579,0.4086633,0.8930162,0.8589619,0.0803081,2.2007900000000014,1.4931599999999996,0.7076300000000018,2.5236136960226743,spiral,elliptical
1237648705114603706,184.954217431753,0.578279407321189,19.67993,17.9066,16.96991,2.230098,5.432596,1.0,0.9008266,0.8912345,0.09214801,2.71002,1.7733299999999979,0.9366900000000022,2.4360346495983585,spiral,elliptical
1237648703507660923,193.245414344589,-0.651810981134034,19.15521,17.74953,16.94965,3.117347,7.376737,0.0,0.2507457,0.2780731,0.08488403,2.205560000000002,1.4056800000000003,0.7998800000000017,2.3663509387950716,spiral,elliptical
1237648705132953714,226.831731629803,0.59537283079043,18.82345,17.2439,16.36413,3.692185,9.505876,0.1581561,0.2125714,0.2275458,0.07223801,2.4593200000000017,1.5795500000000011,0.8797700000000006,2.574593634934328,spiral,elliptical
1237648703510216885,199.114028864107,-0.679098492132312,17.93707,16.51541,15.72885,5.943554,13.81586,0.7499563,0.7283618,0.7129022,0.09379204,2.208219999999999,1.4216599999999993,0.7865599999999997,2.324511563283517,spiral,elliptical
1237645943976493208,50.8270672659644,0.939875120075682,18.73592,17.4272,16.80908,2.260115,4.835532,0.0,0.346693,0.341564,0.03646222,1.9268399999999986,1.308720000000001,0.6181199999999976,2.1395070604814355,spiral,spiral
1237648704596803993,228.508505855453,0.169343866916101,19.29745,17.73276,16.91969,3.634397,7.827065,1.0,0.5101588,0.4333743,0.1003457,2.377760000000002,1.5646900000000024,0.8130699999999997,2.1536075998301785,spiral,elliptical
1237648704588873924,210.408303947918,0.0673714010940564,17.43921,16.15454,15.5619,3.379525,8.091877,0.5277907,0.9204561,0.9381895,0.08502848,1.8773099999999996,1.2846699999999984,0.5926400000000012,2.3943829384306965,spiral,spiral
1237648703529157260,242.415660622357,-0.740491508136809,19.39115,17.38546,16.62838,2.845297,7.215909,0.1858812,0.3641057,0.3881586,0.07212562,2.7627699999999997,2.0056900000000013,0.7570799999999984,2.5360828764097385,spiral,elliptical
1237648703527911965,239.596238428525,-0.807338125452261,19.58802,17.79516,16.77943,2.682794,6.372361,0.7221287,0.6513194,0.6630005,0.1167837,2.808589999999999,1.792860000000001,1.0157299999999978,2.375270333838528,spiral,elliptical
1237648704051675158,209.529401999066,-0.392479637283269,16.05487,14.77693,14.1849,8.16326,17.80527,0.3703585,0.8874558,0.8732259,0.02957562,1.8699700000000004,1.277940000000001,0.5920299999999994,2.1811469927455454,spiral,spiral
1237648705130529024,221.263726422944,0.526978719187992,17.00244,15.55892,14.93361,9.021954,20.97026,0.03481796,0.4786303,0.4012215,0.02873155,2.06883,1.4435199999999995,0.6253100000000007,2.3243590024954686,spiral,spiral
1237648704068321540,247.643421230434,-0.21318649883918,18.53532,17.12586,16.3757,3.736696,7.18262,0.0,0.6501483,0.6907139,0.05809155,2.1596200000000003,1.4094599999999993,0.750160000000001,1.9221847321805146,spiral,spiral
1237648704050823260,207.665569449312,-0.35115075136505,19.55932,17.85579,16.86779,3.047879,7.14219,0.7765507,0.6709752,0.6385484,0.1472403,2.69153,1.7035300000000007,0.9879999999999995,2.3433312149202776,spiral,elliptical
1237648704590643419,214.396212940314,0.159091608610728,18.86407,17.22196,16.31322,2.255267,5.827657,0.6873249,0.2637623,0.297527,0.05427057,2.5508500000000005,1.6421100000000024,0.9087399999999981,2.5840208720297864,spiral,elliptical
1237648704052592668,211.666335352132,-0.357284553588663,19.30768,17.50772,16.5638,3.601746,8.652826,0.7818168,0.4005478,0.4287373,0.1130107,2.7438800000000008,1.7999600000000022,0.9439199999999985,2.4023976149345345,spiral,elliptical
1237648704599752930,235.113411034348,0.0538222105297468,18.66684,16.8914,15.93562,3.921323,8.164552,0.4739722,0.7793528,0.786813,0.0953708,2.7312200000000004,1.7754399999999997,0.9557800000000007,2.0820911717805446,spiral,elliptical
1237648703522930968,228.153726843144,-0.794217541996885,18.87423,16.92913,16.12067,2.465069,6.091423,0.609882,0.8149064,0.8100078,0.05441434,2.7535600000000002,1.9451,0.8084600000000002,2.471096346593138,spiral,elliptical
1237648704602505288,241.44466036457,0.133522777880534,18.62327,16.4911,15.41798,5.929191,12.86743,0.4367103,0.810017,0.8092756,0.06094548,3.2052900000000015,2.132170000000002,1.0731199999999994,2.1701830823125787,spiral,elliptical
1237648675603874096,239.284388586155,1.08705538399252,17.4006,16.28152,15.84907,5.113136,12.02035,0.08518846,0.3723314,0.384912,0.03276557,1.5515300000000014,1.1190800000000003,0.4324500000000011,2.3508762528514793,spiral,spiral
1237648702977343735,208.289959091179,-1.22088700198468,18.07882,16.46432,15.66424,3.521352,8.158723,0.5164721,0.8502124,0.9101334,0.07307899,2.414580000000001,1.6144999999999996,0.8000800000000012,2.3169291226778808,spiral,elliptical
1237648703526011178,235.17537767277,-0.763864899366057,19.57001,17.69873,16.76399,2.057527,5.268395,0.8761324,0.6903644,0.6808027,0.05655788,2.80602,1.8712799999999987,0.9347400000000015,2.560547200595667,spiral,elliptical
1237648703528698474,241.389853983316,-0.82870118747003,18.06942,16.6328,15.91424,3.794726,8.0331,0.01000065,0.4375554,0.4165931,0.05111897,2.1551800000000014,1.4366200000000013,0.7185600000000001,2.1169117348657056,spiral,spiral
1237648704051478788,209.082283176113,-0.284848764307917,18.83337,17.52152,16.85736,2.266128,5.486081,0.2967756,0.6469792,0.664965,0.06917019,1.9760099999999987,1.3118499999999997,0.664159999999999,2.420905173935453,spiral,spiral
1237648704048726314,202.913330361829,-0.337802259670302,18.51973,17.20633,16.55924,2.574124,5.032924,0.0,0.7500196,0.7940825,0.05612796,1.96049,1.313399999999998,0.6470900000000022,1.9551987394546653,spiral,spiral
1237648704052396090,211.262115378781,-0.251408613872248,17.60775,16.14782,15.41296,3.75155,8.568222,0.287156,0.4577171,0.37146,0.03281746,2.1947899999999994,1.45993,0.7348599999999994,2.283915181724887,spiral,spiral
1237648704063537639,236.711537905831,-0.304615278286189,19.17666,17.63932,16.82358,2.745411,6.477829,0.0,0.2778931,0.3210518,0.07758146,2.3530799999999985,1.5373399999999968,0.8157400000000017,2.3595115631138652,spiral,elliptical
1237648702973870224,200.26515271086,-1.21021309492357,18.88931,17.43389,16.64104,3.038379,6.753576,0.4310983,0.66616,0.6655003,0.08300237,2.248269999999998,1.4554199999999966,0.7928500000000014,2.2227562789237285,spiral,elliptical
1237648704041320503,185.962308155002,-0.375818101857696,19.69685,17.93622,16.93523,3.138278,6.853595,0.3253934,0.5110957,0.5330705,0.148258,2.7616200000000006,1.7606300000000026,1.000989999999998,2.1838712185472415,spiral,elliptical
1237648704599032178,233.517412232258,0.0628884613550715,19.07928,17.52228,16.65166,4.074656,8.94641,0.3921812,0.7536397,0.765772,0.1177544,2.427620000000001,1.5570000000000022,0.8706199999999988,2.1956233851397515,spiral,elliptical
1237648704061047095,230.950075981124,-0.283798769410543,18.9365,17.6018,16.9509,1.935411,4.190371,0.0,0.4499963,0.4710703,0.05210726,1.985599999999998,1.334699999999998,0.6509,2.165106532927631,spiral,spiral
1237648674530328964,239.766946649128,0.246238138959816,18.79515,17.24402,16.51092,4.234464,9.577319,0.3053853,0.7245942,0.7607976,0.07789504,2.284230000000001,1.5511300000000006,0.7331000000000003,2.2617547344835143,spiral,elliptical
1237648704049971379,205.62254772327,-0.312664138134002,19.20928,17.63995,16.81234,1.692587,3.828285,0.6186265,0.9014289,0.8907161,0.08948262,2.3969400000000007,1.5693300000000008,0.82761,2.261795110088876,spiral,elliptical
1237648704595165430,224.688434314933,0.0240708465254822,18.36296,17.03706,16.48363,4.670931,8.645874,0.08676676,0.8436449,0.850036,0.06757253,1.8793299999999995,1.3259000000000007,0.5534299999999988,1.850995872129132,spiral,spiral
1237648705115455606,186.856201204764,0.535340645169954,18.91318,17.50173,16.76293,3.364362,7.756139,0.5604002,0.8826288,0.9076458,0.1094728,2.1502499999999998,1.411450000000002,0.7387999999999977,2.3053818227646135,spiral,spiral
1237648704585924795,203.531195701594,0.0288596786948162,18.66625,17.37481,16.77762,2.779257,6.4114,0.1988046,0.6504076,0.6756189,0.07281715,1.8886300000000027,1.2914400000000015,0.5971900000000012,2.306875542636036,spiral,spiral
1237648703532368494,249.663059067104,-0.732833474094119,18.6379,17.35474,16.7606,3.105469,7.279735,0.08349405,0.3689218,0.4076357,0.03292699,1.8772999999999982,1.2831599999999987,0.5941399999999994,2.3441660502809722,spiral,spiral
1237648704591233122,215.789345812321,0.0757855354929429,19.28766,17.76598,16.88715,3.230952,7.790264,0.2844819,0.8499368,0.8287242,0.1325189,2.4005100000000006,1.52168,0.8788300000000007,2.4111357890801224,spiral,elliptical
1237648703516311814,213.065007185083,-0.633022516131068,17.28403,15.63975,14.7232,6.2608,15.00514,0.2644339,0.3053398,0.281602,0.02559116,2.560830000000001,1.644280000000002,0.9165499999999991,2.3966809353437264,spiral,elliptical
1237648704580747412,191.744544793212,0.116351938889842,18.23957,16.68146,15.84209,3.483618,8.62423,0.5343485,0.5499429,0.5533065,0.08896293,2.39748,1.5581099999999992,0.8393700000000006,2.475653185854477,spiral,elliptical
1237648675034759339,165.734059347675,0.661327300775093,19.34535,17.49037,16.58209,2.268676,5.670684,0.5025324,0.7770944,0.7605627,0.1074433,2.763259999999999,1.8549800000000012,0.9082799999999978,2.499556569558632,spiral,elliptical
1237648704589922575,212.801415480714,0.0858509548477732,18.63711,17.30614,16.57203,2.785767,6.932856,0.525875,0.7610921,0.7436355,0.136583,2.0650799999999983,1.3309700000000007,0.7341099999999976,2.4886704451592685,spiral,spiral
1237648704040403119,183.848615656876,-0.3309189438473,19.06051,17.60045,16.77157,4.12907,8.71527,1.0,0.6609908,0.6202124,0.1208378,2.28894,1.4600600000000021,0.8288799999999981,2.110710159914945,spiral,elliptical
1237648705121026222,199.5435434817,0.578182699499043,19.45341,17.80839,16.92972,2.518948,6.201902,0.09167925,0.1997757,0.2211627,0.07550298,2.523690000000002,1.6450200000000024,0.8786699999999996,2.4621000512912534,spiral,elliptical
1237648704041713785,186.827286086684,-0.407943092232912,19.3367,17.67616,16.99775,1.389797,3.398237,0.7800251,0.600567,0.6043631,0.1140467,2.3389500000000005,1.660540000000001,0.6784099999999995,2.44513191494873,spiral,elliptical
1237648704052592773,211.635530228396,-0.24621901535488,19.12161,17.2298,16.21559,3.011835,7.199,0.9269698,0.8664368,0.8742977,0.1113649,2.9060200000000016,1.8918099999999995,1.014210000000002,2.39023718098767,spiral,elliptical
1237648704579764354,189.514058391053,0.0822388666917736,18.95655,17.6471,16.91203,2.81709,6.575191,0.1986236,0.57242,0.5607165,0.1164155,2.0445199999999986,1.3094500000000018,0.7350699999999968,2.334036541253563,spiral,spiral
1237648704601784812,239.84325138372,0.117968207337892,18.58691,17.22867,16.65582,2.409917,5.975865,0.5794901,0.6762064,0.6795942,0.03229691,1.931090000000001,1.3582399999999986,0.5728500000000025,2.4796974335630644,spiral,spiral
1237648704054493316,215.953905039768,-0.248332647896817,18.88021,17.56715,16.84334,2.484576,5.918871,0.4892192,0.4515691,0.5230432,0.08451605,2.0368700000000004,1.3130600000000001,0.7238100000000003,2.382245904331363,spiral,spiral
1237648702992155134,242.106324033165,-1.21472999890493,18.38006,17.34208,16.84147,1.665876,3.866779,0.3058969,0.8944477,0.8864563,0.03480103,1.5385899999999992,1.037980000000001,0.5006099999999982,2.321168562365987,spiral,spiral
1237648704579436672,188.759164863544,0.0376443103797407,18.0092,16.8149,16.35628,4.175011,9.831156,0.3142337,0.515039,0.5355598,0.02279919,1.6529199999999982,1.1942999999999984,0.4586199999999998,2.354761700029054,spiral,spiral
1237648702966333581,183.028618409186,-1.07270796361696,19.11371,17.37997,16.71033,2.496161,5.946312,0.5751033,0.7332839,0.7219425,0.1143793,2.403380000000002,1.733740000000001,0.6696400000000011,2.382182880030575,spiral,elliptical
1237648704594313500,222.719139792758,0.0945023771665272,17.95802,16.00289,15.109,3.181675,10.86673,1.0,0.9320042,0.9511924,0.04266683,2.849020000000001,1.9551300000000005,0.8938900000000007,3.415411693526209,elliptical,elliptical
1237648702983569605,222.423752243591,-1.05776241365687,18.40728,16.52918,15.68349,2.191172,6.950325,1.0,0.3998581,0.4766258,0.04339959,2.7237899999999993,1.8780999999999999,0.8456899999999994,3.1719668743485223,elliptical,elliptical
1237648702985404672,226.608765155855,-1.19279249729593,19.44113,17.58355,16.68275,2.18063,6.653788,0.8205653,0.4943566,0.5399633,0.07065763,2.7583800000000025,1.8575800000000022,0.9008000000000003,3.051314528370242,elliptical,elliptical
1237648702971248801,194.323602325769,-1.14057545642912,19.25964,17.29641,16.32573,1.883283,5.935761,1.0,0.9593181,0.9447104,0.09659571,2.933910000000001,1.9632299999999994,0.9706800000000015,3.1518157387923114,elliptical,elliptical
1237648704041713840,186.904365354246,-0.384038063264432,18.63368,16.47588,15.41197,5.806381,17.31959,0.933242,0.7675543,0.8172362,0.1154682,3.221709999999998,2.157799999999998,1.06391,2.9828545526034205,elliptical,elliptical
1237648704040140899,183.186138899042,-0.367538122035188,18.15245,16.42766,15.56375,4.056739,11.61775,0.8005164,0.3444716,0.3661651,0.07393959,2.588700000000001,1.7247900000000023,0.8639099999999988,2.8638150001762495,elliptical,elliptical
1237648704577405071,184.189573804239,0.0994824678579993,19.25667,17.54869,16.63578,2.581183,7.823498,0.8395835,0.2006262,0.2534594,0.07208736,2.6208899999999993,1.7079799999999992,0.9129100000000001,3.0309737821766225,elliptical,elliptical
1237648673996997073,247.863850043089,-0.0314420824809519,19.52789,17.57775,16.63182,2.053935,6.838773,1.0,0.8559368,0.8635339,0.05830718,2.896069999999998,1.9501399999999975,0.9459300000000006,3.329595629851967,elliptical,elliptical
1237648704061636884,232.281705144807,-0.358350904053851,20.19543,18.00361,16.93775,1.78013,5.877105,1.0,0.5386848,0.5719098,0.0882145,3.2576800000000006,2.1918200000000034,1.0658599999999971,3.3015032609977926,elliptical,elliptical
1237648704050102419,205.927547824186,-0.254774669505212,19.31397,17.36698,16.31128,3.427288,11.32786,1.0,0.4905738,0.5279171,0.1261562,3.002690000000001,1.9469899999999996,1.0557000000000016,3.3051964118568384,elliptical,elliptical
1237648704047349905,199.683311501642,-0.394192604041079,19.46736,17.44862,16.38865,2.86454,7.897426,0.4637163,0.5876044,0.5665548,0.1120148,3.078710000000001,2.018740000000001,1.0599699999999999,2.756961327124076,elliptical,elliptical
1237648704060981354,230.89159883383,-0.395925931377392,17.78182,15.9131,15.06357,2.569011,8.774328,1.0,0.3277676,0.3336825,0.02883187,2.7182499999999994,1.8687199999999997,0.8495299999999997,3.415449758681454,elliptical,elliptical
1237648704057966842,223.940721610045,-0.334928013103944,18.40183,16.34011,15.3554,3.647674,12.67013,1.0,0.6695339,0.6317367,0.0836084,3.046430000000001,2.061720000000001,0.9847099999999998,3.4734820052449864,elliptical,elliptical
1237648704042565783,188.728820787093,-0.306621591987455,18.98508,17.06887,16.1613,2.34602,7.558734,1.0,0.7275051,0.7813074,0.07244539,2.8237799999999993,1.9162099999999995,0.9075699999999998,3.221939284405077,elliptical,elliptical
1237648703510806829,200.482474510396,-0.638688423807733,19.04042,17.03662,15.97321,2.714223,7.892224,0.7954355,0.6650487,0.6756605,0.1084637,3.067210000000001,2.003800000000002,1.0634099999999993,2.907728657520034,elliptical,elliptical
1237648674511650938,197.019102025687,0.240643905957792,19.24526,17.36073,16.41886,1.872397,5.392493,1.0,0.8671601,0.8694195,0.08095076,2.8263999999999996,1.884529999999998,0.9418700000000015,2.8799944669853668,elliptical,elliptical
1237648703529353834,242.872732952623,-0.640960756606347,19.59524,17.67892,16.73691,1.782274,5.295838,1.0,0.7034979,0.7673755,0.06071372,2.8583299999999987,1.916319999999999,0.9420099999999998,2.9713938485328293,elliptical,elliptical
1237648704580223153,190.589619173836,0.17710368793797,19.0046,17.1114,16.195,2.009811,5.496907,0.9047821,0.5406963,0.5839358,0.07969137,2.8095999999999997,1.8932000000000002,0.9163999999999994,2.7350367770899853,elliptical,elliptical
1237648703518671061,218.375517781388,-0.831153729201883,18.92757,16.93912,16.02978,1.67498,4.861832,0.8565177,0.2557223,0.3049774,0.05591327,2.8977900000000005,1.9884500000000003,0.9093400000000003,2.9026209268170367,elliptical,elliptical
1237648674532753564,245.256648962239,0.405248344023297,18.9502,17.03974,16.01775,3.612595,10.05717,0.7345248,0.2605228,0.2591444,0.08695956,2.9324499999999993,1.9104600000000005,1.0219899999999988,2.7839184851886247,elliptical,elliptical
1237648705122795857,203.672688933877,0.527618834818251,18.3359,16.77431,15.95771,2.882485,8.487914,0.9731595,0.4987106,0.5152641,0.08158594,2.3781899999999982,1.561589999999999,0.8165999999999993,2.9446515766777623,elliptical,elliptical
1237648704600736187,237.392189766796,0.136025264880656,19.18469,17.60434,16.85473,3.088676,8.913239,0.4373822,0.7354206,0.7451037,0.03282416,2.32996,1.5803499999999993,0.7496100000000006,2.8857798616624084,elliptical,elliptical
1237648702991368507,240.263150217158,-1.15723913431869,18.48889,16.28364,15.1876,4.358932,15.33411,1.0,0.9290096,0.8762459,0.05815966,3.3012900000000016,2.205250000000003,1.0960399999999986,3.5178594206103697,elliptical,elliptical
1237648703507136653,192.049227124284,-0.746387118172168,18.94537,17.24013,16.34089,3.135824,8.693059,0.5147656,0.2216658,0.2420666,0.08413588,2.604479999999999,1.7052399999999999,0.8992399999999989,2.7721769461551413,elliptical,elliptical
1237648702975639705,204.347610240838,-1.08667381562673,19.62761,17.72125,16.8343,1.618308,4.692307,1.0,0.9507471,0.9427838,0.07090822,2.7933100000000017,1.9063599999999994,0.8869500000000023,2.89951418395015,elliptical,elliptical
1237648702967971957,186.762215856573,-1.20676033606978,19.21375,17.61476,16.78795,2.05789,5.653123,0.7038658,0.2473173,0.2907914,0.07218131,2.4258000000000024,1.5989900000000006,0.8268100000000018,2.747048190136499,elliptical,elliptical
1237648704054231257,215.423109390319,-0.337707577874491,18.23823,16.30048,15.43029,2.315058,6.615247,0.8093299,0.5182694,0.5111766,0.05195385,2.807940000000002,1.9377500000000012,0.8701900000000009,2.857486507897426,elliptical,elliptical
1237648704066814286,244.22393481673,-0.325039153629951,19.95861,17.86404,16.85982,1.66519,5.180439,1.0,0.7385734,0.6877248,0.09379727,3.098790000000001,2.094570000000001,1.0042200000000001,3.11101976351047,elliptical,elliptical
1237648703510741170,200.296401316215,-0.719005371972555,19.77916,17.9263,16.92201,2.162527,6.557269,1.0,0.8265767,0.789843,0.1072724,2.8571500000000007,1.8528599999999997,1.004290000000001,3.0322252623897876,elliptical,elliptical
1237648704602832971,242.193679928633,0.207518363713862,19.69525,17.39015,16.35837,6.262795,18.06684,0.2533244,0.230428,0.2342688,0.05767947,3.3368800000000007,2.305100000000003,1.0317799999999977,2.8847886606539093,elliptical,elliptical
1237648704578715801,187.152469675413,0.199400236364474,19.64693,17.68513,16.70355,1.562246,4.307748,1.0,0.6889812,0.7633874,0.1103187,2.943380000000001,1.9618000000000002,0.981580000000001,2.7574069640760803,elliptical,elliptical
1237648704586711165,205.332880270468,0.169428277420458,19.87346,18.06294,16.95826,2.472094,6.759081,0.9301006,0.5088361,0.4865677,0.1504248,2.9152000000000022,1.8105200000000004,1.1046800000000019,2.734152099394279,elliptical,elliptical
1237648704591364326,216.034130524002,0.105767579516762,19.87739,17.87745,16.64096,3.076775,9.005855,1.0,0.706678,0.7755959,0.1673049,3.2364299999999986,1.9999399999999987,1.2364899999999999,2.9270437389799384,elliptical,elliptical
1237648704049905959,205.550849987434,-0.293800214450161,18.87904,17.15843,16.51672,1.401746,3.803449,0.9098275,0.5848685,0.6342334,0.08609245,2.3623200000000004,1.7206100000000006,0.6417099999999998,2.713365331522259,elliptical,elliptical
1237648702983241799,221.699184117667,-1.21975776655543,19.59298,17.71847,16.97877,1.205145,3.711125,1.0,0.8054155,0.8343261,0.0830382,2.61421,1.8745100000000008,0.7396999999999991,3.0794012338764216,elliptical,elliptical
1237648703516311675,213.103556328225,-0.83200545066132,16.97803,16.0934,15.64465,2.593659,7.231571,0.5816523,0.6688718,0.6659466,0.02600801,1.33338,0.8846300000000014,0.44874999999999865,2.788173387480775,elliptical,spiral
1237646797600391839,120.518073644459,0.453748005205993,19.92902,17.85687,16.82621,1.648196,5.29405,1.0,0.921871,0.9826471,0.09391728,3.1028100000000016,2.0721500000000006,1.030660000000001,3.2120269676664672,elliptical,elliptical
1237648703508840617,195.994726086497,-0.750706691744081,19.87715,17.88947,16.93623,1.522806,4.402708,1.0,0.6246235,0.6343554,0.08491749,2.940920000000002,1.987680000000001,0.953240000000001,2.891181148485099,elliptical,elliptical
1237648673992671682,237.973568456141,-0.0648552132280371,19.80505,17.83565,16.88223,1.918478,6.122854,1.0,0.9302717,0.9111871,0.08912047,2.9228200000000015,1.9694000000000003,0.9534200000000013,3.1915163999795673,elliptical,elliptical
1237648703508316414,194.836761547904,-0.639453406385664,18.08944,16.15678,15.21596,3.612876,11.8712,1.0,0.6985015,0.6311386,0.08037489,2.873479999999999,1.9326599999999985,0.9408200000000004,3.285803332303683,elliptical,elliptical
1237648702975574175,204.223419011793,-1.09554791607488,17.65606,16.59451,16.17752,2.10193,6.188861,1.0,0.7040498,0.700582,0.04685168,1.4785399999999989,1.0615500000000004,0.4169899999999984,2.9443706498313458,elliptical,spiral
1237648705135706473,233.068156527688,0.632300937729501,18.71739,16.8447,15.91783,2.509195,8.24527,1.0,0.7540545,0.7182674,0.07226273,2.7995600000000014,1.8726900000000022,0.9268699999999992,3.286022011043382,elliptical,elliptical
1237648703505957004,189.342300318056,-0.791091347834888,18.70941,17.13908,16.36651,2.154269,6.510386,0.9938776,0.8659712,0.8741397,0.0637598,2.3428999999999967,1.5703299999999984,0.7725699999999982,3.0220859140617997,elliptical,elliptical
1237648675068969138,243.828327515219,0.772318374708,19.16411,17.27371,16.31466,3.054116,10.0387,1.0,0.5603015,0.5390701,0.08283905,2.849450000000001,1.8903999999999996,0.9590500000000013,3.286941294960637,elliptical,elliptical
1237648704053379405,213.531399257699,-0.39635077481127,20.17236,18.08408,16.99152,2.052113,5.395528,1.0,0.6698533,0.6810192,0.1397973,3.18084,2.088280000000001,1.0925599999999989,2.6292548217373994,elliptical,elliptical
1237648704059342957,227.103730525336,-0.27020772664135,19.8008,17.80576,16.80142,1.717145,6.069893,1.0,0.749947,0.7714013,0.09149182,2.9993799999999986,1.9950399999999995,1.0043399999999991,3.5348750396734117,elliptical,elliptical
1237648704589332671,211.397522720272,0.184984375149742,18.37773,16.41927,15.53273,1.983734,6.009108,0.9756356,0.5064339,0.5323469,0.04767463,2.844999999999999,1.9584599999999988,0.8865400000000001,3.0291904055684884,elliptical,elliptical
1237648703509627175,197.782266847066,-0.725086469645271,19.80903,17.7426,16.79388,2.270608,6.28336,0.9676047,0.510013,0.5012779,0.08574168,3.0151499999999984,2.0664300000000004,0.948719999999998,2.767258813498411,elliptical,elliptical
1237648703509561498,197.586668006407,-0.79356316352182,19.0912,17.1066,16.20807,2.360729,7.535674,1.0,0.946592,0.9316179,0.08565257,2.8831300000000013,1.9846000000000004,0.8985300000000009,3.1920961702931594,elliptical,elliptical
1237648704598311238,231.888686339042,0.0175648745020725,19.63163,17.42349,16.27695,2.906408,10.18836,1.0,0.7437574,0.7285942,0.1249548,3.354680000000002,2.20814,1.1465400000000017,3.5054816804798223,elliptical,elliptical
1237648703517688013,216.159998778034,-0.731849844875022,19.39956,17.76706,16.83544,2.286837,6.000508,0.7894006,0.6757175,0.6755053,0.1029651,2.5641200000000026,1.6325000000000003,0.9316200000000023,2.623933406709792,elliptical,elliptical
1237648704602439979,241.315272825839,0.13808253931769,18.74026,16.48512,15.37704,3.057816,9.810838,1.0,0.8350711,0.769448,0.06065342,3.36322,2.255140000000001,1.1080799999999993,3.208446158957897,elliptical,elliptical
1237648703510151280,198.929894905289,-0.776007546230513,19.02547,17.60372,16.85884,1.573102,4.184116,0.7193134,0.6661674,0.6616223,0.09115019,2.166629999999998,1.4217499999999994,0.7448799999999984,2.659786841539837,elliptical,spiral
1237648704602505634,241.525067045928,0.0246588938386461,19.32468,17.23575,16.21918,2.338448,7.137918,1.0,0.5148216,0.5189807,0.05793022,3.1054999999999993,2.0889300000000013,1.016569999999998,3.052416816623675,elliptical,elliptical
1237648705132233054,225.202504567531,0.492408519804585,19.15859,17.34954,16.4969,1.996271,5.537245,0.775647,0.6728315,0.6739426,0.04256609,2.66169,1.8090499999999992,0.852640000000001,2.773794239359286,elliptical,elliptical
1237648705127579670,214.452148817491,0.510947262591814,19.61438,17.92348,16.88797,1.907606,5.270885,0.9738604,0.9162451,0.9672832,0.05330114,2.7264100000000013,1.6908999999999992,1.0355100000000022,2.763088918780922,elliptical,elliptical
1237648705118273789,193.308236727998,0.525242209600838,19.4391,17.69019,16.84753,2.327297,6.740469,0.9965697,0.8832381,0.9115015,0.07009327,2.591570000000001,1.7489099999999986,0.8426600000000022,2.896265066297941,elliptical,elliptical
1237648704597000547,228.909579381977,0.175627415324448,18.95014,17.04413,16.17092,1.949293,5.734725,1.0,0.7834245,0.7773786,0.07159279,2.7792200000000022,1.906010000000002,0.8732100000000003,2.9419512613034575,elliptical,elliptical
1237648704585203814,202.021878438186,0.125257513090228,20.77166,18.29414,16.98821,2.811556,7.977412,1.0,0.8456804,0.8726832,0.1799313,3.783450000000002,2.477520000000002,1.30593,2.837365501523,elliptical,elliptical
1237648703510544542,199.835959801206,-0.762394036131301,19.40141,17.64815,16.74163,2.791381,7.577393,0.5379473,0.3148185,0.3459376,0.08888021,2.659779999999998,1.7532599999999974,0.9065200000000004,2.7145678071176955,elliptical,elliptical
1237648673994834323,242.829351255025,-0.0943714724314949,18.6699,16.70715,15.69039,2.371263,7.706428,1.0,0.8021361,0.8342836,0.08993423,2.9795099999999977,1.9627499999999998,1.0167599999999979,3.249925461663257,elliptical,elliptical
1237648702986518817,229.215310901689,-1.08790841758875,20.22816,17.9888,16.79593,2.272289,6.619705,0.9010789,0.5484003,0.5519113,0.1171143,3.4322300000000006,2.239359999999998,1.1928700000000028,2.9132319876565,elliptical,elliptical
1237648702978785290,211.473093051701,-1.20445670666722,18.76034,16.70483,15.79053,1.76781,5.712846,1.0,0.4332625,0.4420228,0.0543637,2.969809999999999,2.055509999999998,0.9143000000000008,3.2315950243521643,elliptical,elliptical
1237648704583368908,197.755118026641,0.053031603705322,18.83971,17.40578,16.50555,2.475972,8.765762,1.0,0.5428917,0.5867764,0.09618144,2.3341600000000007,1.4339300000000001,0.9002300000000005,3.540331635414294,elliptical,elliptical
1237648673995162093,243.583195948052,-0.0315641264387658,18.06095,16.20889,15.2915,2.828239,7.713156,0.5558468,0.5637525,0.5674905,0.03081088,2.769449999999999,1.852059999999998,0.917390000000001,2.7271938474789437,elliptical,elliptical
1237648704059671039,227.905039104169,-0.223445684099495,19.61234,17.65225,16.7207,1.830649,5.786618,1.0,0.7475985,0.6785631,0.09117911,2.891639999999999,1.960090000000001,0.9315499999999979,3.1609653188568645,elliptical,elliptical
1237648704594313560,222.753732612585,0.0760893530662225,18.7511,16.94146,16.08622,1.764032,5.169832,0.9527017,0.4082956,0.4386444,0.04339977,2.66488,1.8096400000000017,0.8552399999999984,2.9306905997170123,elliptical,elliptical
1237648705133936953,229.042365836838,0.461387191505275,18.76488,16.75557,15.72566,4.189649,14.30224,1.0,0.7868741,0.7535856,0.1041698,3.039220000000002,2.009310000000003,1.0299099999999992,3.413708403735014,elliptical,elliptical
1237648704044007651,192.047244619207,-0.297781324468746,19.63695,17.67225,16.71372,1.863069,5.558039,1.0,0.6835351,0.7380369,0.08754382,2.92323,1.9647000000000006,0.9585299999999997,2.9832706142391934,elliptical,elliptical
1237648704597262858,229.547590282136,0.211217598737691,18.85624,17.15317,16.24088,2.488017,7.278906,0.6739934,0.658955,0.6185044,0.05281309,2.615359999999999,1.7030700000000003,0.9122899999999987,2.9255853155344194,elliptical,elliptical
1237648704589791436,212.441659109788,0.0623034885367851,19.46893,17.57792,16.72215,1.707594,4.784516,0.9977441,0.504142,0.5309137,0.0543915,2.746780000000001,1.8910100000000014,0.8557699999999997,2.8019049024533933,elliptical,elliptical
1237648703516704931,213.921932995756,-0.647722728489076,20.08996,18.0609,16.9017,1.921143,5.76907,1.0,0.6775092,0.756414,0.1484051,3.1882599999999996,2.029060000000001,1.1591999999999985,3.0029362728334124,elliptical,elliptical
1237648703530598882,245.629626446195,-0.65770971374315,19.49106,17.53793,16.60372,1.731849,5.044382,0.9053127,0.7167064,0.7135242,0.04603161,2.887340000000002,1.9531300000000016,0.9342100000000002,2.9127146766259644,elliptical,elliptical
1237648703523389795,229.226859247012,-0.764681419065048,19.34441,17.31872,16.26835,2.316716,7.51499,1.0,0.6821083,0.7384204,0.1143701,3.0760599999999982,2.025690000000001,1.0503699999999974,3.2438114986903877,elliptical,elliptical
1237648704594903517,224.172179268183,0.204338689932609,18.98748,17.22472,16.41935,2.680209,7.222553,1.0,0.7786508,0.7332633,0.07803148,2.56813,1.76276,0.8053699999999999,2.694772310666817,elliptical,elliptical
1237648704054362321,215.710851054527,-0.393459875175649,19.52457,17.65606,16.81781,2.619835,6.944885,0.6068073,0.850915,0.881034,0.1300605,2.706759999999999,1.8685100000000006,0.8382499999999986,2.650886410785412,elliptical,elliptical
1237648705132167606,225.078349644306,0.46925206732035,20.07895,17.97486,16.99332,1.772878,5.634946,1.0,0.8885962,0.8715326,0.08413497,3.0856299999999983,2.1040899999999993,0.981539999999999,3.178417240216191,elliptical,elliptical
1237648705126793411,212.733193909097,0.613060242244102,20.18021,18.12719,16.9051,2.377429,7.472988,1.0,0.626574,0.6744843,0.1783762,3.275109999999998,2.05302,1.222089999999998,3.1433064878067865,elliptical,elliptical
1237648702974329017,201.33542009471,-1.14019277767648,18.84552,16.91814,15.92958,3.394654,9.527966,0.872511,0.8205936,0.8079155,0.08504505,2.915940000000001,1.9273799999999994,0.9885600000000014,2.8067561524679685,elliptical,elliptical
1237648704047677507,200.479937749473,-0.313666016056178,18.17156,16.149,15.20604,4.606365,16.20418,1.0,0.9009252,0.8565398,0.07402559,2.9655199999999997,2.0225599999999986,0.9429600000000011,3.5177802887960463,elliptical,elliptical
1237648675069887257,245.927938183034,0.807282111411022,19.65186,17.5882,16.53643,2.145799,6.64047,1.0,0.8324685,0.8581844,0.1042009,3.11543,2.0636599999999987,1.0517700000000012,3.0946374753646544,elliptical,elliptical
1237648705116373227,188.967877650379,0.57892748206672,19.44295,17.91193,16.91862,1.948527,5.443133,0.9187865,0.8843803,0.9365352,0.1471742,2.524329999999999,1.531019999999998,0.993310000000001,2.793460393415129,elliptical,elliptical
1237648675069296857,244.572952960161,0.750200144932049,18.95872,17.04945,16.16656,1.966266,6.409274,1.0,0.6487913,0.6305947,0.04842826,2.792159999999999,1.9092699999999994,0.8828899999999997,3.2596169592516984,elliptical,elliptical
1237648675067986376,241.579548373114,0.738634789154046,19.94669,17.67264,16.5509,2.4202,6.759654,0.6724763,0.3658057,0.4191459,0.05541354,3.3957900000000016,2.274049999999999,1.1217400000000026,2.79301462689034,elliptical,elliptical
1237648702972952732,198.187588214133,-1.20062181106655,18.50284,16.74405,15.93957,1.899725,6.235599,1.0,0.6762124,0.6257901,0.084401,2.5632699999999993,1.7587899999999976,0.8044800000000016,3.2823692902920154,elliptical,elliptical
1237648674531705019,242.919932090277,0.325963285343393,18.39788,16.5573,15.63292,4.369248,14.22622,1.0,0.8163611,0.8161843,0.0439464,2.7649600000000003,1.8405799999999992,0.9243800000000011,3.255988215821121,elliptical,elliptical
1237648703515721857,211.640315755223,-0.762600664424325,19.66814,17.79933,16.81479,3.561001,12.52417,1.0,0.9285284,0.8863949,0.1097428,2.8533500000000025,1.8688099999999999,0.9845400000000026,3.5170363614051214,elliptical,elliptical
1237648704044007718,192.058026422373,-0.26851401682979,18.85412,16.96894,15.99517,2.926585,9.361265,1.0,0.5315821,0.531826,0.08297773,2.858950000000002,1.8851800000000019,0.97377,3.198699166434598,elliptical,elliptical
1237648704045383818,195.23087712949,-0.23543527446523,19.35159,17.52642,16.54478,2.043679,6.450408,1.0,0.8517314,0.8238434,0.107686,2.8068100000000022,1.82517,0.9816400000000023,3.1562725848824598,elliptical,elliptical
1237648703509889170,198.295035940813,-0.732994855719997,18.92354,17.53111,16.73598,2.374515,7.163325,1.0,0.6069041,0.6067127,0.08160174,2.1875599999999977,1.3924299999999974,0.7951300000000003,3.0167528948016753,elliptical,spiral
1237648702982062347,219.083602114357,-1.13024373886104,18.52082,16.50571,15.45505,5.095551,16.24775,1.0,0.8163392,0.8328338,0.1059715,3.0657700000000006,2.01511,1.0506600000000006,3.1886149309466236,elliptical,elliptical
1237648702991302769,240.117703326854,-1.08381511191702,19.83843,17.77033,16.76925,1.712079,5.086524,1.0,0.7192245,0.6826654,0.0523446,3.0691799999999994,2.0680999999999976,1.0010800000000017,2.970963372601381,elliptical,elliptical
1237648704577077389,183.422286615575,0.196517733569472,18.45296,16.5806,15.69553,4.000478,13.2119,1.0,0.7353185,0.7606212,0.07464101,2.757430000000001,1.8723600000000005,0.8850700000000007,3.302580341649173,elliptical,elliptical
1237648702971707518,195.333539328213,-1.19271937364247,19.51471,17.64045,16.58164,2.490107,7.402598,1.0,0.8799626,0.9133622,0.1594214,2.9330700000000007,1.8742599999999996,1.0588100000000011,2.97280317673096,elliptical,elliptical
1237648702992351711,242.50159761561,-1.09522264706107,19.95192,17.92147,16.90118,2.15182,7.118174,1.0,0.6075093,0.5860448,0.07098383,3.050740000000001,2.030450000000002,1.0202899999999993,3.30797836250244,elliptical,elliptical
1237648702985994607,228.063263256521,-1.08078071857258,18.82815,16.96741,16.10208,2.160423,6.908231,1.0,0.3750137,0.3843995,0.03387914,2.72607,1.8607399999999998,0.8653300000000002,3.197628890268248,elliptical,elliptical
1237648675606692011,245.717327404757,1.19935097273064,20.17674,18.05407,16.93844,1.510974,4.368406,1.0,0.6999051,0.7340011,0.1363494,3.238299999999999,2.1226699999999994,1.1156299999999995,2.891119238319124,elliptical,elliptical
1237648704044073155,192.249682450242,-0.322343637274105,19.38456,17.42269,16.48978,2.588453,7.163908,1.0,0.5217749,0.5074044,0.0819373,2.894780000000001,1.9618700000000011,0.9329099999999997,2.7676407491269885,elliptical,elliptical
1237648703505629321,188.631432847475,-0.765121151593068,18.20903,16.56195,15.75265,4.812828,13.24791,1.0,0.6556509,0.5773912,0.07773563,2.4563799999999993,1.647079999999999,0.8093000000000004,2.7526248600614855,elliptical,elliptical
1237648703524962662,232.721134848608,-0.733114278017654,19.47229,17.36867,16.20834,2.350675,7.0142,0.6755712,0.630793,0.6216975,0.1268169,3.2639500000000012,2.1036199999999994,1.1603300000000019,2.9839088772373894,elliptical,elliptical
1237648705122271406,202.402002910131,0.456878140256128,18.8756,16.98545,15.99176,3.238044,10.65111,1.0,0.8203686,0.8142812,0.104438,2.8838399999999993,1.8901499999999984,0.9936900000000009,3.289365431723596,elliptical,elliptical
1237648703518081224,217.032621824668,-0.668421563755131,19.77977,17.81111,16.75168,1.833375,5.061778,0.8167224,0.4280168,0.4388044,0.1335656,3.028089999999999,1.9686599999999999,1.059429999999999,2.760907070293857,elliptical,elliptical
1237648703519326518,219.90497562089,-0.770377212893527,19.48925,17.67984,16.69324,3.166224,9.180899,0.5843138,0.2999917,0.3384928,0.071994,2.796009999999999,1.8094099999999997,0.9865999999999993,2.89963660183234,elliptical,elliptical
1237648704584745138,200.883436020777,0.0718121473690926,19.30408,17.33716,16.42008,3.064965,9.271926,1.0,0.6886467,0.6110455,0.07836134,2.8840000000000003,1.9669199999999982,0.9170800000000021,3.025132750292418,elliptical,elliptical
1237648702985863457,227.702357405551,-1.06250574708545,18.20077,16.19199,15.25126,2.688233,9.260613,1.0,0.7228693,0.7551605,0.05415484,2.9495099999999983,2.008779999999998,0.9407300000000003,3.444869920129691,elliptical,elliptical
1237648702974263370,201.251512516348,-1.10086310967645,19.63988,17.63482,16.56976,1.944193,5.989177,1.0,0.7565807,0.8128515,0.1063064,3.070120000000003,2.0050600000000003,1.0650600000000026,3.0805465301027213,elliptical,elliptical
1237648704590643362,214.34239097418,0.0236979605642372,17.20059,15.45608,14.60244,5.780122,15.30169,1.0,0.5652989,0.5170401,0.05338602,2.5981499999999986,1.7445099999999982,0.8536400000000004,2.647295333904717,elliptical,elliptical
1237648704599687408,234.973521613764,0.205380045099395,19.83831,17.95651,16.84899,2.489091,6.726928,0.6832985,0.2482798,0.2966914,0.1108654,2.9893199999999993,1.8817999999999984,1.107520000000001,2.702564108744919,elliptical,elliptical
1237648673460912298,249.628744816503,-0.478048086871586,20.07322,17.81938,16.80126,2.200965,6.514995,0.9920443,0.6020083,0.6116959,0.09800664,3.27196,2.2538400000000003,1.0181199999999997,2.960062972378025,elliptical,elliptical
1237648703510872234,200.589488048656,-0.801395808174407,18.94601,17.41685,16.66702,1.805914,5.286092,1.0,0.5322285,0.5811912,0.09293688,2.2789900000000003,1.529160000000001,0.7498299999999993,2.9271006260541754,elliptical,elliptical
1237648705129087211,217.97583315268,0.515722066952341,19.32095,17.40596,16.35528,2.588237,8.038056,0.9829139,0.780865,0.7807647,0.1308362,2.9656699999999994,1.9149899999999995,1.0506799999999998,3.1056104985748987,elliptical,elliptical
1237648704041451668,186.209173450851,-0.316893393179611,20.07463,17.64296,16.42054,4.369821,13.12552,1.0,0.6524364,0.6295855,0.1578495,3.65409,2.4316700000000004,1.2224199999999996,3.0036745212218077,elliptical,elliptical
1237648704602505360,241.534280566945,0.0137270173367477,19.00692,16.97655,15.93292,2.449152,7.258266,0.7399395,0.835853,0.8661308,0.05792973,3.0740000000000016,2.0303700000000013,1.0436300000000003,2.9635833137347127,elliptical,elliptical
1237648705123582216,205.433774381211,0.440185283422775,18.68252,16.81629,15.94428,2.341473,7.395179,1.0,0.9589481,0.8849427,0.07406031,2.738240000000001,1.8662300000000016,0.8720099999999995,3.1583447684427703,elliptical,elliptical
1237648703518081241,217.043877251665,-0.684611464671694,18.27912,16.37875,15.35701,5.913344,17.45664,0.4808341,0.2526538,0.27633,0.05517036,2.922109999999998,1.9003699999999988,1.0217399999999994,2.952075847439283,elliptical,elliptical
1237648704602833025,242.226228645345,0.129971201403729,18.32753,16.27896,15.33193,3.025251,9.487818,1.0,0.7835435,0.7178034,0.05801063,2.9955999999999996,2.048569999999998,0.9470300000000016,3.1362085327795945,elliptical,elliptical
1237648704061636915,232.303069732402,-0.252199436118902,18.12898,16.01389,14.94444,5.967573,18.60889,0.9976435,0.777619,0.770705,0.08854482,3.1845399999999984,2.1150899999999986,1.0694499999999998,3.1183347065884237,elliptical,elliptical
1237648703507136658,192.077550756036,-0.697143572757726,19.00327,17.33046,16.43801,2.036905,5.820245,0.928794,0.8295543,0.866163,0.08408104,2.565260000000002,1.672810000000002,0.8924500000000002,2.8573963930571136,elliptical,elliptical
1237648673993392521,239.597078911647,-0.115011892662316,20.43667,18.26953,16.95618,2.660269,8.234149,1.0,0.6683704,0.6685774,0.1570185,3.4804899999999996,2.16714,1.3133499999999998,3.0952317228069792,elliptical,elliptical
1237648705136951765,235.968907278563,0.446959720000227,19.83199,17.89314,16.91627,1.851448,5.599927,1.0,0.7358202,0.7699144,0.08269892,2.9157200000000003,1.9388500000000022,0.9768699999999981,3.0246201891708546,elliptical,elliptical
1237648702993859199,245.982182473425,-1.09836676561524,19.83385,17.86585,16.81808,2.909184,9.353171,1.0,0.5500066,0.5688664,0.105452,3.0157700000000034,1.9680000000000035,1.0477699999999999,3.2150496496612107,elliptical,elliptical
1237648704584548421,200.466287979008,0.139377496912279,17.31431,15.44183,14.59834,3.25055,10.18352,0.9338301,0.4255309,0.5213391,0.03465883,2.7159699999999987,1.8724799999999995,0.8434899999999992,3.132860592822753,elliptical,elliptical
1237648705114538169,184.803208403686,0.604960229167328,17.93043,16.45903,15.74129,3.13398,8.301975,0.6684225,0.8206146,0.7766179,0.07386992,2.189140000000002,1.4714000000000027,0.7177399999999992,2.6490197767694754,elliptical,spiral
1237648704599425394,234.434395985731,0.03405070910282,18.67171,16.68181,15.75429,2.439255,8.372678,1.0,0.8031552,0.831368,0.06589311,2.9174200000000017,1.9899000000000022,0.9275199999999995,3.4324734396362824,elliptical,elliptical
1237648704048136394,201.449238364016,-0.248358608870639,19.04375,17.03508,16.08877,2.563955,8.492486,1.0,0.8403372,0.8166783,0.0833808,2.954979999999999,2.0086699999999986,0.9463100000000004,3.3122601605722406,elliptical,elliptical
1237648704577667254,184.782697712007,0.140979369185379,19.0764,17.78953,16.98818,2.232323,6.286025,0.9667321,0.8843621,0.886662,0.1169446,2.0882199999999997,1.2868700000000004,0.8013499999999993,2.8159119446424197,elliptical,spiral
1237648702983307629,221.929108592715,-1.23003142550398,19.99745,17.97305,16.85813,3.620067,11.01005,1.0,0.6063735,0.6440234,0.1462892,3.1393200000000014,2.0244,1.1149200000000015,3.041393985249444,elliptical,elliptical
1237648704059408827,227.319581285343,-0.341198629684709,19.34394,17.29709,16.2912,2.030681,6.599543,1.0,0.7386993,0.7117704,0.09490709,3.05274,2.046849999999999,1.0058900000000008,3.2499161611301823,elliptical,elliptical
1237648704047677650,200.523118708702,-0.257125630464941,19.57578,17.78184,16.91376,1.660805,5.039671,1.0,0.7768562,0.7805237,0.07563096,2.662020000000002,1.7939400000000028,0.8680799999999991,3.0344748480405586,elliptical,elliptical
1237648702972821717,197.9665333929,-1.24047908704083,18.87784,17.12321,16.23688,2.54944,7.358065,0.9291993,0.5444511,0.5375468,0.0975197,2.6409599999999998,1.7546299999999988,0.886330000000001,2.8861495073427887,elliptical,elliptical
1237648702972887116,197.998122126854,-1.13506619346142,19.10206,17.08959,16.10446,2.204124,6.803691,0.9896237,0.5743191,0.6049885,0.08757104,2.997600000000002,2.0124700000000004,0.9851300000000016,3.0868004703909575,elliptical,elliptical
1237648702978850987,211.64488705416,-1.21980932232199,19.52953,17.4015,16.41828,1.948271,5.759254,0.8980592,0.1957433,0.2481273,0.05899673,3.111250000000002,2.1280300000000025,0.9832199999999993,2.9560846514678913,elliptical,elliptical
1237648704596082972,226.740071082079,0.0676503164287209,18.90216,17.18099,16.44769,2.411173,6.93167,0.991606,0.6520027,0.6555132,0.03315733,2.454469999999997,1.7211699999999972,0.7332999999999998,2.874812383848028,elliptical,elliptical
1237648703515852998,212.002177765267,-0.821805798197873,17.78579,15.81054,14.90429,3.542622,10.86142,0.869956,0.9246492,0.9140419,0.0547474,2.881499999999999,1.975249999999999,0.90625,3.065926875630536,elliptical,elliptical
1237648704056066085,219.568770875445,-0.349744611478402,16.68691,15.06239,14.2904,5.194803,14.39644,0.8261154,0.5080757,0.4737068,0.03689807,2.396510000000001,1.6245200000000004,0.7719900000000006,2.7713158708809553,elliptical,elliptical
1237648704596541783,227.82674034709,0.119423473975717,19.56683,17.79334,16.96321,2.296519,7.16669,1.0,0.8359112,0.78262,0.05041043,2.6036199999999994,1.773489999999999,0.8301300000000005,3.1206752480602162,elliptical,elliptical
1237648704058032381,224.038491447696,-0.225804981565991,19.16364,17.37055,16.3964,2.227035,7.22636,1.0,0.8917241,0.8804204,0.1103927,2.767240000000001,1.7930899999999994,0.9741500000000016,3.244834499682313,elliptical,elliptical
1237648704594379145,222.897997075686,0.0978890182503874,19.30388,17.60064,16.77374,2.066342,6.627509,1.0,0.7744737,0.7847966,0.06399041,2.5301399999999994,1.703240000000001,0.8268999999999984,3.207363059938771,elliptical,elliptical
1237648702992613711,243.044808774706,-1.04474217084917,19.56453,17.60236,16.6076,1.903229,5.585392,0.9786606,0.5520177,0.5528876,0.04936093,2.95693,1.9621700000000004,0.9947599999999994,2.9346925672107766,elliptical,elliptical
1237648703530991714,246.532848792485,-0.684416596036119,18.64591,17.3633,16.641,1.491732,4.102617,0.8922435,0.5999199,0.6349071,0.04820611,2.0049100000000024,1.2826100000000018,0.7223000000000006,2.7502373080419273,elliptical,spiral
1237648704048005275,201.169586466759,-0.234745920376017,18.67599,16.76259,15.86278,3.169027,10.34786,1.0,0.8183075,0.7909963,0.07551912,2.813209999999998,1.9133999999999993,0.8998099999999987,3.2653114031530817,elliptical,elliptical
1237648704603030007,242.658150193973,0.179110606299388,19.5716,17.82394,16.81753,2.706548,7.410238,0.6794045,0.2712815,0.3176629,0.1069128,2.7540699999999987,1.7476599999999998,1.006409999999999,2.73789269578814,elliptical,elliptical
1237648702994776529,248.00328586444,-1.08731343317963,19.86861,17.78819,16.6798,2.098758,6.930861,1.0,0.8542537,0.870158,0.1085341,3.18881,2.08042,1.10839,3.302363111897608,elliptical,elliptical
1237648705127448802,214.268525272682,0.507998510150328,18.42077,16.70384,15.83169,3.166341,8.530748,0.4588953,0.2940007,0.3220093,0.02569302,2.589080000000001,1.7169300000000014,0.8721499999999995,2.6941974979953205,elliptical,elliptical
1237648704588021799,208.359419853951,0.0466618744148663,18.54313,16.54814,15.47,6.244509,19.7476,0.9738493,0.7500603,0.7085407,0.1162044,3.073130000000001,1.9949900000000014,1.0781399999999994,3.162394353182932,elliptical,elliptical
1237648704602505672,241.545159453092,0.0848253908202961,20.17439,17.97542,16.87598,1.805942,5.774424,1.0,0.5435429,0.6063476,0.05739496,3.2984100000000005,2.198969999999999,1.0994400000000013,3.197458168645505,elliptical,elliptical
1237648702971445443,194.765129118847,-1.22358114623647,19.32233,17.6064,16.83596,2.584808,7.541743,1.0,0.2874448,0.3248005,0.08306821,2.486370000000001,1.7159300000000002,0.7704400000000007,2.917718840238811,elliptical,elliptical
1237648704585007316,201.543145911667,0.0855501864220977,19.14795,17.08812,16.1367,1.801957,5.409875,0.9507707,0.5649035,0.5637946,0.08151768,3.0112500000000004,2.0598300000000016,0.9514199999999988,3.002222028605566,elliptical,elliptical
1237648705119060162,195.127287392895,0.480124499195036,18.26903,16.54965,15.68204,6.691289,19.10485,0.5729383,0.1999864,0.18961,0.06817781,2.58699,1.719380000000001,0.8676099999999991,2.8551823124064732,elliptical,elliptical
1237648704059605400,227.754889922596,-0.307469404905468,19.81593,17.85032,16.72709,2.175855,7.091465,1.0,0.7688024,0.7740951,0.140983,3.088840000000001,1.9656100000000016,1.1232299999999995,3.2591624901475513,elliptical,elliptical
1237648702975574303,204.240027668712,-1.25008517303364,19.5641,17.67953,16.71639,1.669965,5.006737,0.9831864,0.2310957,0.2826543,0.08496257,2.8477099999999993,1.88457,0.9631399999999992,2.9981089424029848,elliptical,elliptical
1237648704602309218,241.06912039349,0.0437384366422121,20.22745,18.04622,16.93819,2.283128,6.253375,0.5190361,0.2708516,0.3153611,0.05932232,3.2892600000000023,2.1812299999999993,1.108030000000003,2.738950685200304,elliptical,elliptical
1237648675034759330,165.71817980354,0.677076331206543,19.58596,17.73785,16.81596,2.253037,6.233,0.912518,0.8909696,0.9194754,0.09593257,2.7699999999999996,1.8481099999999984,0.9218900000000012,2.7664880780919265,elliptical,elliptical
1237648705136689485,235.344556527215,0.514551139585906,19.08995,17.15163,16.16932,2.916996,9.639759,1.0,0.8466289,0.8239561,0.07300293,2.9206300000000027,1.938320000000001,0.9823100000000018,3.304687082190034,elliptical,elliptical
1237648672919519703,239.360635217238,-0.916689727240953,19.23879,17.49932,16.53521,2.069237,5.533576,1.0,0.9117008,0.919179,0.03969949,2.7035800000000023,1.7394700000000007,0.9641100000000016,2.6742108323019544,elliptical,elliptical
1237648704583368877,197.727345993528,0.0639638432286562,19.12603,17.14174,16.159,2.187082,6.852199,1.0,0.6354475,0.6384817,0.09676105,2.967030000000001,1.9842900000000014,0.9827399999999997,3.1330325063257796,elliptical,elliptical
1237648705134133336,229.490771768378,0.472690480617282,19.24527,17.18633,16.1152,3.086266,10.40148,1.0,0.9509979,0.8907987,0.1146904,3.13007,2.0589399999999998,1.0711300000000001,3.370247412245088,elliptical,elliptical
1237648704595165387,224.667953411977,0.0211119165362526,19.33444,17.50388,16.52099,3.24582,10.41118,1.0,0.2999975,0.3314022,0.09833206,2.8134499999999996,1.830560000000002,0.9828899999999976,3.2075654226050734,elliptical,elliptical
1237648703520768366,223.242090835959,-0.63064407671718,19.77848,17.81777,16.80917,2.287373,6.700279,0.7247904,0.2474261,0.2747412,0.07739631,2.9693099999999966,1.9607099999999988,1.0085999999999977,2.9292463450429813,elliptical,elliptical
1237648703529747000,243.744604543205,-0.672827609029723,19.83904,17.71708,16.57484,2.726222,8.718004,1.0,0.8834523,0.9266168,0.1151274,3.2642000000000024,2.1219600000000014,1.142240000000001,3.197833485314109,elliptical,elliptical
1237648705136885792,235.741418020765,0.540195727203766,18.22709,16.15041,15.07285,5.1723,16.65673,1.0,0.6823711,0.6605673,0.09376729,3.1542399999999997,2.0766799999999996,1.07756,3.2203719815169265,elliptical,elliptical
1237648702972559541,197.364708255243,-1.0614156163802,18.26448,16.6562,15.8313,2.301909,7.389789,1.0,0.4621479,0.4784645,0.07483354,2.4331799999999983,1.6082800000000006,0.8248999999999977,3.210287200753809,elliptical,elliptical
1237648702992023572,241.697250633128,-1.1016417046877,17.8152,15.6192,14.55762,2.9633,8.996421,0.7020645,0.418318,0.537538,0.03391345,3.257580000000001,2.1960000000000015,1.0615799999999993,3.0359467485573517,elliptical,elliptical
1237648674533016287,245.92621322349,0.360456537252182,18.46771,16.45326,15.44484,4.392451,14.78157,1.0,0.8132452,0.7821605,0.08598141,3.022870000000001,2.01445,1.008420000000001,3.3652213764023773,elliptical,elliptical
1237648704051544317,209.246391940844,-0.342550703598244,19.18791,17.40543,16.63572,1.97251,6.872624,1.0,0.8122852,0.8313578,0.1051231,2.5521899999999995,1.7824799999999996,0.7697099999999999,3.4842023614582436,elliptical,elliptical
1237648704054689985,216.479689695712,-0.2715510182861,18.84538,17.51484,16.78093,2.714378,8.511228,0.7547244,0.8010951,0.8245789,0.1292682,2.0644499999999972,1.3305399999999992,0.7339099999999981,3.135608968242448,elliptical,spiral
1237648702983372879,222.022421282705,-1.18269137235429,17.36992,16.44888,16.8983,1.09483,2.915644,1.0,0.8045768,0.81373,0.02741167,0.4716200000000015,0.9210400000000014,-0.44941999999999993,2.6631020341057514,elliptical,spiral
1237648702973739168,200.062696008635,-1.14589453264528,19.43883,17.36413,16.38762,2.312628,6.649107,0.8950405,0.3208815,0.3818181,0.08394939,3.051210000000001,2.0747,0.9765100000000011,2.8751303711621583,elliptical,elliptical
1237648705114079418,183.725853515017,0.577895681640623,20.153,18.23836,16.95989,2.90593,8.420165,1.0,0.8236878,0.8611988,0.1830455,3.1931099999999972,1.9146399999999986,1.2784699999999987,2.897580120649844,elliptical,elliptical
1237648704049643539,204.889759367,-0.373195231037357,19.48758,17.33444,16.19166,3.068892,10.25445,1.0,0.7387276,0.732471,0.1411865,3.2959200000000024,2.1531400000000005,1.142780000000002,3.341417684297786,elliptical,elliptical
1237648704605192794,247.579753902774,0.185016614044731,19.32045,17.40391,16.4832,2.039875,6.189497,1.0,0.7550936,0.7740753,0.05819843,2.837250000000001,1.9165400000000012,0.9207099999999997,3.0342530792327964,elliptical,elliptical
1237648703523520610,229.464881755335,-0.793206083916732,17.8109,15.97147,15.13464,3.379909,10.63328,0.980951,0.9153212,0.8779827,0.03718474,2.676260000000001,1.8394300000000001,0.8368300000000009,3.1460255290896884,elliptical,elliptical
1237648704592609395,218.916988867091,0.2049389578767,17.75966,15.98083,15.23267,3.057685,10.56899,1.0,0.8051456,0.6805752,0.02922576,2.5269899999999996,1.778830000000001,0.7481599999999986,3.456533292343717,elliptical,elliptical
1237648705132167570,225.059764277033,0.463676133129381,19.346,17.24572,16.2121,2.602834,8.661201,1.0,0.7712325,0.7618767,0.0972218,3.1339000000000006,2.1002800000000015,1.033619999999999,3.3276040654148518,elliptical,elliptical
1237648704044007728,192.071075354957,-0.261037269306636,18.04505,16.09751,15.12705,3.658002,12.05239,1.0,0.631103,0.6077121,0.08897621,2.9179999999999993,1.94754,0.9704599999999992,3.294801369709475,elliptical,elliptical
1237648704044925049,194.112991521028,-0.388663382497578,19.35659,17.7776,16.85875,2.456086,7.053779,0.5404972,0.7656344,0.8487728,0.1327391,2.49784,1.578990000000001,0.9188499999999991,2.8719592880705314,elliptical,elliptical
1237648704594378761,222.8475735599,0.00707960583336023,17.53734,15.81781,15.03433,3.217436,9.416913,1.0,0.7319694,0.7591948,0.02316491,2.5030099999999997,1.7195300000000007,0.7834799999999991,2.9268377055518737,elliptical,elliptical
1237645943978983579,56.5178995116382,0.885067351519781,19.03764,17.41195,16.69575,3.209785,8.87633,0.1120982,0.333934,0.3618678,0.04860179,2.3418899999999994,1.6256899999999987,0.7162000000000006,2.7653970593045947,elliptical,elliptical
1237648704061702467,232.52427851676,-0.376330601907449,19.98353,18.0107,16.71472,3.361989,10.79023,1.0,0.8912337,0.8813168,0.1537527,3.2688099999999984,1.9728299999999983,1.2959800000000001,3.209478079791457,elliptical,elliptical
1237648704057180232,222.170021472005,-0.213676408693704,19.62862,17.7755,16.88406,1.384303,4.221376,1.0,0.4347695,0.4782582,0.07529999,2.74456,1.8531200000000005,0.8914399999999993,3.0494595475123583,elliptical,elliptical
1237648704584089650,199.377066341616,0.208873709255064,18.20387,16.37912,15.55095,2.245977,6.272387,0.9066103,0.6187065,0.624737,0.03336366,2.652919999999998,1.824749999999998,0.8281700000000001,2.7927209405973437,elliptical,elliptical
1237648673997127724,248.064172006847,-0.0499321378702428,17.15324,15.80188,15.18173,3.515425,9.342922,0.8456978,0.8601987,0.8298582,0.04401696,1.9715100000000003,1.3513599999999997,0.6201500000000006,2.657693451005213,elliptical,spiral
1237648704602243453,240.828846913499,0.0242713761427397,19.56199,17.60616,16.65401,2.198038,6.296037,0.657563,0.2187966,0.2476012,0.04129273,2.907980000000002,1.9558300000000024,0.9521499999999996,2.8643895146489733,elliptical,elliptical
1237648702981800143,218.441912962982,-1.07229022896421,19.00025,17.17341,16.30218,2.440099,7.244111,1.0,0.7871124,0.7371927,0.08164681,2.6980700000000013,1.8268400000000007,0.8712300000000006,2.968777496322895,elliptical,elliptical
1237648705133936954,229.037760045873,0.470835436578672,20.45614,18.06572,16.92,1.773719,5.326102,0.9689692,0.3455904,0.4026951,0.1092212,3.5361399999999996,2.3904200000000024,1.1457199999999972,3.002787927512757,elliptical,elliptical
1237648703512772784,204.96445652791,-0.75307927005417,17.20395,16.44578,16.15364,1.688072,4.858479,0.7675833,0.4295621,0.4590795,0.02227835,1.0503099999999996,0.7581699999999998,0.29213999999999984,2.8781230895364653,elliptical,spiral
1237648705116962918,190.204783304301,0.611534621732855,19.95363,17.97947,16.86238,2.291236,7.15264,0.9682626,0.8231582,0.8207517,0.1455578,3.0912499999999987,1.9741600000000012,1.1170899999999975,3.1217386598325096,elliptical,elliptical
1237648705116635292,189.566669118632,0.463658359320212,18.95186,17.12667,16.25584,1.485793,4.017455,0.9585122,0.5593668,0.6230873,0.08147918,2.6960200000000007,1.8251899999999992,0.8708300000000015,2.7039129946096128,elliptical,elliptical
1237648703525945679,235.040083969838,-0.777557602398579,19.54894,17.62465,16.6465,2.082601,5.566645,0.8865176,0.464313,0.5156058,0.08156122,2.902440000000002,1.9242900000000027,0.9781499999999994,2.67292918806819,elliptical,elliptical
1237648704061636893,232.296021815446,-0.205590761269257,18.74743,16.70342,15.70183,2.574591,8.164747,1.0,0.8067249,0.7284617,0.08856682,3.045600000000002,2.04401,1.001590000000002,3.1712792439653525,elliptical,elliptical
1237648704579829937,189.65971645983,0.0360308720457461,20.20079,18.08965,16.91815,3.202177,10.44701,1.0,0.8854784,0.8895967,0.1506453,3.2826400000000007,2.1111400000000025,1.1714999999999982,3.262471125112697,elliptical,elliptical
1237648704048857286,203.151012221973,-0.389460675420095,18.30545,17.26994,16.91439,1.859403,5.322107,0.5737086,0.7537913,0.7596546,0.03424437,1.3910599999999995,1.0355100000000022,0.35554999999999737,2.862266544692033,elliptical,spiral
1237648703531320103,247.377863876016,-0.830275678772125,19.29411,17.5023,16.58649,2.20664,6.087683,0.8937472,0.9105949,0.9343675,0.0491895,2.7076199999999986,1.7918099999999981,0.9158100000000005,2.758802070115651,elliptical,elliptical
1237648704040206575,183.459996544228,-0.239875384547341,19.14365,17.16607,16.25355,2.502221,6.967023,1.0,0.8535315,0.8205118,0.08210291,2.8901000000000003,1.9775799999999997,0.9125200000000007,2.784335596256286,elliptical,elliptical
1237648705127710869,214.778927423997,0.602646486132587,19.51418,17.69001,16.7824,1.546931,4.389571,1.0,0.5081853,0.5654658,0.1008734,2.7317800000000005,1.8241699999999987,0.9076100000000018,2.837599737803431,elliptical,elliptical
1237648704044925082,194.143389730412,-0.221734269512704,19.73132,17.51002,16.39967,2.044775,6.747866,1.0,0.7944024,0.7794835,0.1335346,3.33165,2.2212999999999994,1.1103500000000004,3.3000530620728443,elliptical,elliptical
1237648704069305134,249.876168121772,-0.298661819031546,19.20251,17.17879,16.20001,1.804844,5.909726,1.0,0.7068685,0.7138167,0.04519832,3.0025000000000013,2.023720000000001,0.9787800000000004,3.2743694191852595,elliptical,elliptical
1237648704588218496,208.77903273618,0.0821625017665778,18.27328,16.40712,15.48229,4.008543,11.90992,0.9284439,0.4998505,0.5040156,0.06999305,2.790989999999999,1.8661600000000007,0.9248299999999983,2.9711343997058277,elliptical,elliptical
1237648705137607019,237.399113572621,0.426894172611145,18.72488,16.92029,16.0438,3.923681,10.43519,0.4241582,0.3081238,0.3209228,0.03341673,2.681079999999998,1.8045899999999975,0.8764900000000004,2.6595408750099714,elliptical,elliptical
1237648704057966805,223.937173648275,-0.306148355609758,18.28576,16.3327,15.37007,3.132663,9.586219,1.0,0.7786281,0.7643814,0.08310611,2.9156899999999997,1.9530600000000007,0.962629999999999,3.060086258879426,elliptical,elliptical
